1,39.124,117.35,0,159,159.96
2,39.124,117.35,6,161,159.61
3,39.123,117.35,14,163,159.61
4,39.122,117.35,27,162,159.61
5,39.122,117.35,46,163,159.26
6,39.121,117.35,72,163,159.26
7,39.12,117.35,103,164,159.26
8,39.12,117.35,135,164,159.26
9,39.119,117.35,170,166,159.61
10,39.118,117.35,203,166,159.96
11,39.118,117.35,241,168,159.96
12,39.117,117.35,279,169,160.31
13,39.116,117.35,319,169,159.96
14,39.116,117.35,361,168,159.96
15,39.115,117.35,406,169,159.96
16,39.114,117.35,451,168,159.96
17,39.114,117.35,495,168,159.61
18,39.113,117.35,538,169,159.61
19,39.112,117.35,582,168,159.61
20,39.112,117.35,626,169,159.26
21,39.111,117.35,668,170,159.26
22,39.11,117.35,712,169,159.26
23,39.11,117.36,753,169,158.91
24,39.109,117.36,795,171,158.91
25,39.108,117.36,840,171,158.91
26,39.108,117.36,883,173,159.26
27,39.107,117.36,926,171,159.26
28,39.106,117.36,976,172,159.26
29,39.105,117.36,1025,173,159.26
30,39.105,117.36,1073,175,159.26
31,39.104,117.36,1120,175,159.26
32,39.103,117.36,1168,176,159.26
33,39.103,117.36,1213,176,159.26
34,39.102,117.36,1255,176,159.26
35,39.101,117.36,1298,178,159.26
36,39.101,117.36,1336,178,159.61
37,39.1,117.36,1370,179,159.96
38,39.099,117.36,1401,180,160.31
39,39.098,117.36,1426,182,160.31
40,39.098,117.36,1448,184,160.66
41,39.097,117.36,1467,186,161.02
42,39.096,117.36,1486,188,161.37
43,39.095,117.36,1503,191,162.07
44,39.095,117.36,1518,192,162.42
45,39.094,117.36,1538,193,163.48
46,39.093,117.37,1556,195,164.88
47,39.092,117.37,1579,197,166.29
48,39.091,117.37,1605,198,167.7
49,39.091,117.37,1631,198,169.1
50,39.09,117.37,1657,199,170.51
51,39.089,117.37,1686,198,171.91
52,39.088,117.37,1715,200,172.97
53,39.087,117.37,1742,201,174.73
54,39.086,117.37,1770,204,176.13
55,39.085,117.37,1797,205,177.54
56,39.084,117.37,1823,206,178.95
57,39.083,117.37,1849,207,180.7
58,39.082,117.37,1878,209,182.11
59,39.082,117.37,1907,209,183.87
60,39.081,117.37,1935,210,185.63
61,39.08,117.37,1967,210,186.68
62,39.079,117.37,1998,211,187.38
63,39.078,117.37,2028,212,187.73
64,39.077,117.37,2060,213,187.73
65,39.076,117.37,2088,213,187.38
66,39.075,117.37,2114,217,187.03
67,39.074,117.37,2139,216,187.03
68,39.073,117.37,2167,218,187.38
69,39.072,117.37,2195,219,187.03
70,39.071,117.37,2224,221,187.03
71,39.07,117.37,2260,222,187.03
72,39.069,117.37,2293,223,187.03
73,39.068,117.37,2329,223,187.38
74,39.067,117.37,2366,224,187.38
75,39.066,117.37,2404,223,187.38
76,39.065,117.37,2438,224,187.38
77,39.064,117.37,2476,225,187.38
78,39.063,117.37,2512,226,187.03
79,39.062,117.37,2548,227,187.03
80,39.061,117.37,2585,227,187.03
81,39.06,117.37,2620,229,187.03
82,39.059,117.37,2651,229,187.03
83,39.058,117.37,2679,230,187.38
84,39.057,117.37,2706,232,187.38
85,39.055,117.37,2731,236,187.73
86,39.054,117.37,2754,238,187.73
87,39.053,117.37,2778,239,187.73
88,39.052,117.37,2799,240,188.09
89,39.051,117.37,2821,241,188.09
90,39.05,117.37,2843,243,188.09
91,39.049,117.37,2863,244,188.44
92,39.048,117.37,2881,246,188.44
93,39.046,117.37,2900,248,188.44
94,39.045,117.37,2924,248,188.44
95,39.044,117.37,2941,250,188.44
96,39.043,117.37,2966,252,188.79
97,39.042,117.37,2993,255,188.79
98,39.041,117.37,3024,255,188.79
99,39.039,117.37,3055,256,188.79
100,39.038,117.36,3094,256,188.79
101,39.037,117.36,3133,258,188.79
102,39.036,117.36,3175,256,189.14
103,39.035,117.36,3220,258,189.14
104,39.033,117.36,3263,258,189.14
105,39.032,117.36,3308,258,189.14
106,39.031,117.36,3351,257,189.14
107,39.03,117.36,3398,260,189.14
108,39.028,117.36,3443,261,189.14
109,39.027,117.36,3489,261,189.14
110,39.026,117.36,3541,260,189.14
111,39.025,117.36,3591,259,189.49
112,39.023,117.36,3641,259,189.49
113,39.022,117.36,3693,259,189.49
114,39.021,117.36,3743,259,189.49
115,39.02,117.36,3790,259,189.49
116,39.018,117.36,3839,260,189.49
117,39.017,117.36,3885,260,189.49
118,39.016,117.36,3930,259,189.49
119,39.015,117.36,3975,260,189.49
120,39.013,117.36,4022,260,189.49
121,39.012,117.36,4064,260,189.49
122,39.011,117.36,4107,261,189.49
123,39.01,117.36,4153,261,189.49
124,39.008,117.36,4197,262,189.49
125,39.007,117.36,4240,262,189.49
126,39.006,117.36,4287,262,189.49
127,39.004,117.36,4331,262,189.49
128,39.003,117.36,4377,262,189.84
129,39.002,117.36,4423,263,189.84
130,39.001,117.36,4466,262,189.84
131,38.999,117.36,4509,261,189.84
132,38.998,117.36,4552,261,189.84
133,38.997,117.36,4597,261,190.2
134,38.995,117.36,4637,261,190.2
135,38.994,117.36,4677,262,190.55
136,38.993,117.36,4719,263,190.55
137,38.992,117.36,4757,263,190.55
138,38.99,117.36,4795,265,190.9
139,38.989,117.36,4836,265,190.9
140,38.988,117.36,4875,266,191.25
141,38.986,117.36,4915,267,191.25
142,38.985,117.36,4959,267,191.25
143,38.983,117.36,5001,267,191.6
144,38.982,117.36,5044,267,191.6
145,38.981,117.36,5089,267,191.6
146,38.979,117.36,5136,267,191.95
147,38.978,117.36,5179,267,191.95
148,38.977,117.36,5224,267,192.3
149,38.975,117.36,5269,268,192.3
150,38.974,117.36,5311,269,192.3
151,38.972,117.36,5353,269,192.66
152,38.971,117.36,5397,270,192.66
153,38.97,117.36,5438,270,193.01
154,38.968,117.36,5480,272,193.01
155,38.967,117.36,5525,272,193.36
156,38.966,117.36,5570,273,193.36
157,38.964,117.36,5616,275,193.36
158,38.963,117.36,5665,276,193.36
159,38.961,117.36,5718,277,193.36
160,38.96,117.36,5772,278,193.71
161,38.959,117.36,5826,281,193.71
162,38.957,117.36,5889,281,193.71
163,38.956,117.36,5949,283,193.36
164,38.954,117.36,6012,286,193.71
165,38.953,117.36,6084,287,193.71
166,38.952,117.36,6153,289,193.36
167,38.95,117.36,6226,288,193.71
168,38.949,117.36,6310,287,193.71
169,38.947,117.36,6387,289,194.06
170,38.946,117.36,6472,287,194.06
171,38.945,117.36,6552,286,194.41
172,38.943,117.36,6640,285,194.41
173,38.942,117.36,6720,285,194.77
174,38.941,117.36,6801,284,194.41
175,38.939,117.36,6882,284,194.77
176,38.938,117.36,6957,284,195.12
177,38.937,117.36,7028,285,195.12
178,38.935,117.36,7099,283,195.12
179,38.934,117.36,7166,284,195.47
180,38.932,117.36,7232,283,195.82
181,38.931,117.36,7302,283,196.17
182,38.93,117.36,7367,284,196.17
183,38.928,117.36,7434,284,196.52
184,38.927,117.36,7501,283,196.52
185,38.926,117.36,7573,283,196.88
186,38.924,117.36,7641,281,196.88
187,38.923,117.36,7708,282,196.88
188,38.922,117.36,7779,281,197.23
189,38.92,117.36,7844,281,197.23
190,38.919,117.36,7909,283,197.23
191,38.918,117.36,7975,284,197.23
192,38.916,117.36,8037,283,197.23
193,38.915,117.36,8099,281,197.23
194,38.914,117.36,8167,280,197.58
195,38.912,117.36,8229,279,197.58
196,38.911,117.36,8290,278,197.58
197,38.91,117.36,8349,278,197.58
198,38.909,117.36,8408,278,197.93
199,38.907,117.36,8461,278,197.93
200,38.906,117.36,8511,278,197.93
201,38.905,117.36,8563,279,197.93
202,38.903,117.36,8610,279,197.93
203,38.902,117.36,8657,279,197.93
204,38.901,117.35,8707,280,197.58
205,38.899,117.35,8755,281,197.58
206,38.898,117.35,8802,281,197.58
207,38.897,117.35,8855,281,197.58
208,38.895,117.35,8906,281,197.58
209,38.894,117.35,8957,280,197.58
210,38.893,117.35,9009,281,197.58
211,38.891,117.35,9064,281,197.58
212,38.89,117.35,9114,280,197.58
213,38.888,117.35,9165,280,197.58
214,38.887,117.35,9217,281,197.58
215,38.886,117.35,9266,281,197.58
216,38.884,117.35,9314,280,197.58
217,38.883,117.35,9362,280,197.58
218,38.882,117.35,9410,281,197.23
219,38.88,117.35,9455,280,197.23
220,38.879,117.35,9501,279,197.23
221,38.878,117.35,9545,280,197.58
222,38.876,117.35,9586,281,197.58
223,38.875,117.35,9630,281,197.58
224,38.874,117.35,9670,281,197.58
225,38.872,117.35,9708,281,197.23
226,38.871,117.35,9747,280,197.23
227,38.869,117.35,9786,280,197.23
228,38.868,117.35,9823,280,197.23
229,38.867,117.35,9859,280,197.23
230,38.865,117.35,9895,281,197.23
231,38.864,117.35,9929,281,197.23
232,38.862,117.35,9961,282,197.23
233,38.861,117.35,9994,283,197.23
234,38.86,117.35,10023,283,196.88
235,38.858,117.35,10053,284,196.88
236,38.857,117.35,10082,284,196.88
237,38.855,117.35,10109,285,196.88
238,38.854,117.35,10135,286,196.88
239,38.853,117.35,10158,287,196.52
240,38.851,117.35,10181,288,196.52
241,38.85,117.35,10201,289,196.52
242,38.848,117.35,10219,290,196.52
243,38.847,117.35,10237,292,196.52
244,38.845,117.35,10253,293,196.17
245,38.844,117.35,10268,294,196.17
246,38.842,117.35,10285,296,196.17
247,38.841,117.35,10301,297,196.17
248,38.839,117.35,10316,299,196.17
249,38.838,117.35,10333,300,195.82
250,38.836,117.35,10350,301,195.82
251,38.835,117.35,10367,303,195.82
252,38.833,117.35,10384,304,195.82
253,38.832,117.35,10402,306,195.82
254,38.83,117.35,10420,307,195.82
255,38.829,117.35,10437,309,195.82
256,38.827,117.35,10457,311,195.82
257,38.825,117.35,10474,312,195.82
258,38.824,117.35,10492,314,195.82
259,38.822,117.35,10511,315,195.82
260,38.821,117.35,10528,317,195.82
261,38.819,117.35,10544,319,195.82
262,38.818,117.35,10562,320,195.47
263,38.816,117.35,10579,322,195.82
264,38.814,117.35,10595,323,195.47
265,38.813,117.35,10612,325,195.47
266,38.811,117.35,10629,327,195.47
267,38.809,117.35,10645,329,195.82
268,38.808,117.35,10661,331,195.82
269,38.806,117.35,10678,332,195.82
270,38.804,117.35,10693,334,195.82
271,38.803,117.35,10709,335,195.47
272,38.801,117.35,10727,337,195.47
273,38.799,117.35,10743,339,195.47
274,38.798,117.35,10760,340,195.47
275,38.796,117.35,10781,341,195.47
276,38.794,117.35,10805,342,195.47
277,38.793,117.35,10832,343,195.47
278,38.791,117.35,10863,344,195.47
279,38.789,117.35,10902,344,195.47
280,38.788,117.35,10941,344,195.47
281,38.786,117.35,10982,345,195.47
282,38.784,117.35,11027,346,195.47
283,38.783,117.35,11069,347,195.47
284,38.781,117.35,11109,347,195.47
285,38.779,117.35,11153,347,195.12
286,38.777,117.35,11194,348,195.12
287,38.776,117.35,11235,348,195.12
288,38.774,117.35,11276,348,195.12
289,38.772,117.35,11316,348,195.12
290,38.77,117.35,11354,348,195.12
291,38.769,117.35,11392,348,195.12
292,38.767,117.35,11432,348,195.12
293,38.765,117.34,11469,349,195.12
294,38.764,117.34,11503,349,195.12
295,38.762,117.34,11539,350,195.12
296,38.76,117.34,11572,350,195.12
297,38.758,117.34,11606,351,195.12
298,38.757,117.34,11640,351,195.12
299,38.755,117.34,11673,352,195.12
300,38.753,117.34,11707,353,195.12
301,38.751,117.34,11744,353,195.12
302,38.75,117.34,11779,354,195.12
303,38.748,117.34,11816,355,195.12
304,38.746,117.34,11854,355,195.12
305,38.744,117.34,11897,356,195.12
306,38.743,117.34,11937,356,195.12
307,38.741,117.34,11979,357,195.12
308,38.739,117.34,12026,358,195.47
309,38.737,117.34,12069,358,195.47
310,38.735,117.34,12113,358,195.47
311,38.734,117.34,12160,358,195.47
312,38.732,117.34,12203,358,195.47
313,38.73,117.34,12247,359,195.12
314,38.728,117.34,12290,359,195.12
315,38.726,117.34,12331,360,195.12
316,38.725,117.34,12372,361,195.12
317,38.723,117.34,12412,361,195.47
318,38.721,117.34,12455,362,195.47
319,38.719,117.34,12496,362,195.47
320,38.717,117.34,12538,363,195.47
321,38.716,117.34,12583,364,195.47
322,38.714,117.34,12629,364,195.47
323,38.712,117.34,12676,365,195.47
324,38.71,117.34,12726,365,195.47
325,38.708,117.34,12776,365,195.47
326,38.707,117.34,12826,365,195.12
327,38.705,117.34,12880,366,195.12
328,38.703,117.34,12932,365,195.12
329,38.701,117.34,12982,365,195.12
330,38.699,117.34,13032,365,195.12
331,38.697,117.34,13086,365,195.12
332,38.696,117.34,13134,365,195.12
333,38.694,117.34,13181,366,195.12
334,38.692,117.34,13230,366,195.12
335,38.69,117.34,13275,367,195.12
336,38.688,117.34,13321,368,195.12
337,38.686,117.34,13369,368,195.12
338,38.685,117.34,13416,368,195.47
339,38.683,117.34,13465,369,195.47
340,38.681,117.34,13517,369,195.47
341,38.679,117.34,13567,370,195.47
342,38.677,117.34,13618,370,195.47
343,38.676,117.34,13670,370,195.47
344,38.674,117.34,13725,370,195.47
345,38.672,117.34,13779,371,195.47
346,38.67,117.34,13834,371,195.47
347,38.668,117.34,13891,371,195.47
348,38.666,117.34,13945,371,195.47
349,38.664,117.34,14000,372,195.47
350,38.663,117.34,14057,372,195.47
351,38.661,117.34,14112,373,195.47
352,38.659,117.34,14166,374,195.47
353,38.657,117.34,14223,373,195.47
354,38.655,117.34,14279,373,195.82
355,38.653,117.34,14335,372,195.82
356,38.651,117.34,14390,372,195.82
357,38.65,117.34,14450,372,195.82
358,38.648,117.34,14504,372,195.82
359,38.646,117.34,14558,372,195.82
360,38.644,117.34,14614,372,195.82
361,38.642,117.34,14664,371,195.82
362,38.64,117.34,14713,371,195.82
363,38.639,117.34,14762,371,195.82
364,38.637,117.34,14808,371,195.82
365,38.635,117.34,14852,372,195.82
366,38.633,117.34,14898,372,195.82
367,38.631,117.34,14941,372,195.82
368,38.629,117.34,14985,373,195.82
369,38.627,117.34,15029,373,195.82
370,38.626,117.34,15076,374,195.82
371,38.624,117.34,15123,374,195.82
372,38.622,117.34,15171,375,195.82
373,38.62,117.34,15223,375,195.82
374,38.618,117.34,15274,375,195.82
375,38.616,117.34,15327,376,195.82
376,38.614,117.33,15383,376,195.82
377,38.612,117.33,15437,377,195.82
378,38.611,117.33,15490,377,195.82
379,38.609,117.33,15548,377,196.17
380,38.607,117.33,15603,377,196.17
381,38.605,117.33,15656,377,196.17
382,38.603,117.33,15709,377,196.17
383,38.601,117.33,15765,378,196.17
384,38.599,117.33,15816,378,196.17
385,38.597,117.33,15867,378,196.17
386,38.595,117.33,15919,379,196.17
387,38.594,117.33,15967,379,196.17
388,38.592,117.33,16013,379,196.17
389,38.59,117.33,16062,380,196.17
390,38.588,117.33,16106,380,196.17
391,38.586,117.33,16150,380,196.17
392,38.584,117.33,16191,381,196.17
393,38.582,117.33,16230,381,196.17
394,38.58,117.33,16265,381,196.17
395,38.578,117.33,16299,381,196.52
396,38.577,117.33,16333,381,196.52
397,38.575,117.33,16363,381,196.52
398,38.573,117.33,16392,381,196.52
399,38.571,117.33,16420,381,196.52
400,38.569,117.33,16444,381,196.52
401,38.567,117.33,16468,382,196.52
402,38.565,117.33,16490,382,196.52
403,38.563,117.33,16509,382,196.52
404,38.561,117.33,16527,382,196.52
405,38.559,117.33,16545,383,196.52
406,38.557,117.33,16560,383,196.52
407,38.556,117.33,16574,383,196.52
408,38.554,117.33,16586,383,196.52
409,38.552,117.33,16598,384,196.52
410,38.55,117.33,16607,384,196.52
411,38.548,117.33,16616,384,196.52
412,38.546,117.33,16623,384,196.52
413,38.544,117.33,16628,384,196.52
414,38.542,117.33,16632,384,196.52
415,38.54,117.33,16634,384,196.52
416,38.538,117.33,16635,384,196.52
417,38.536,117.33,16636,384,196.52
418,38.534,117.33,16637,384,196.52
419,38.533,117.33,16637,384,196.52
420,38.531,117.33,16637,385,196.52
421,38.529,117.33,16638,385,196.52
422,38.527,117.33,16637,385,196.52
423,38.525,117.33,16638,385,196.52
424,38.523,117.33,16638,385,196.52
425,38.521,117.33,16638,385,196.52
426,38.519,117.33,16638,384,196.52
427,38.517,117.33,16636,384,196.52
428,38.515,117.33,16636,384,196.52
429,38.513,117.33,16635,384,196.52
430,38.511,117.33,16635,384,196.52
431,38.51,117.33,16637,384,196.52
432,38.508,117.33,16638,384,196.52
433,38.506,117.33,16642,384,196.52
434,38.504,117.33,16647,384,196.52
435,38.502,117.33,16656,384,196.52
436,38.5,117.33,16665,384,196.52
437,38.498,117.33,16674,384,196.52
438,38.496,117.33,16686,384,196.52
439,38.494,117.33,16697,384,196.52
440,38.492,117.33,16710,384,196.52
441,38.49,117.33,16726,384,196.52
442,38.488,117.33,16742,384,196.52
443,38.486,117.33,16760,385,196.52
444,38.484,117.33,16782,385,196.52
445,38.483,117.33,16805,385,196.52
446,38.481,117.33,16830,385,196.52
447,38.479,117.33,16857,385,196.52
448,38.477,117.33,16887,385,196.52
449,38.475,117.33,16918,385,196.52
450,38.473,117.33,16950,385,196.52
451,38.471,117.33,16986,385,196.52
452,38.469,117.33,17023,386,196.52
453,38.467,117.32,17061,386,196.52
454,38.465,117.32,17104,386,196.52
455,38.463,117.32,17146,387,196.52
456,38.462,117.32,17192,387,196.52
457,38.46,117.32,17243,387,196.52
458,38.458,117.32,17292,388,196.52
459,38.456,117.32,17345,388,196.52
460,38.454,117.32,17399,387,196.52
461,38.452,117.32,17457,387,196.52
462,38.45,117.32,17515,387,196.52
463,38.448,117.32,17571,388,196.52
464,38.446,117.32,17631,388,196.52
465,38.444,117.32,17687,388,196.17
466,38.443,117.32,17743,388,196.17
467,38.441,117.32,17802,389,195.82
468,38.439,117.32,17855,389,195.82
469,38.437,117.32,17908,389,195.82
470,38.435,117.32,17964,390,195.82
471,38.433,117.32,18014,390,195.82
472,38.431,117.32,18066,390,195.47
473,38.429,117.32,18115,390,195.47
474,38.427,117.32,18169,390,195.47
475,38.425,117.32,18218,390,195.47
476,38.423,117.32,18267,390,195.47
477,38.421,117.32,18320,390,195.47
478,38.42,117.32,18370,391,195.47
479,38.418,117.32,18419,391,195.47
480,38.416,117.32,18471,391,195.47
481,38.414,117.32,18521,391,195.47
482,38.412,117.32,18571,392,195.47
483,38.41,117.32,18625,392,195.47
484,38.408,117.32,18675,392,195.47
485,38.406,117.32,18725,392,195.47
486,38.404,117.32,18778,392,195.47
487,38.402,117.32,18829,393,195.47
488,38.4,117.32,18878,392,195.47
489,38.398,117.32,18928,393,195.47
490,38.397,117.32,18980,393,195.47
491,38.395,117.32,19030,393,195.47
492,38.393,117.32,19078,393,195.47
493,38.391,117.32,19129,393,195.47
494,38.389,117.32,19176,393,195.47
495,38.387,117.32,19224,393,195.47
496,38.385,117.32,19272,393,195.47
497,38.383,117.32,19318,392,195.47
498,38.381,117.32,19363,392,195.47
499,38.379,117.32,19409,392,195.47
500,38.377,117.32,19451,392,195.47
501,38.375,117.32,19492,393,195.47
502,38.373,117.32,19533,393,195.47
503,38.372,117.32,19574,393,195.47
504,38.37,117.32,19613,393,195.47
505,38.368,117.32,19651,393,195.47
506,38.366,117.32,19692,393,195.47
507,38.364,117.32,19732,394,195.47
508,38.362,117.32,19770,394,195.47
509,38.36,117.32,19813,394,195.47
510,38.358,117.32,19854,394,195.47
511,38.356,117.32,19897,394,195.47
512,38.354,117.32,19943,394,195.47
513,38.352,117.32,19988,394,195.47
514,38.35,117.32,20037,395,195.47
515,38.348,117.32,20088,395,195.47
516,38.346,117.32,20144,394,195.47
517,38.344,117.32,20198,394,195.47
518,38.342,117.32,20255,394,195.47
519,38.34,117.32,20317,393,195.47
520,38.339,117.32,20377,393,195.47
521,38.337,117.32,20437,393,195.47
522,38.335,117.32,20504,392,195.82
523,38.333,117.32,20567,393,195.82
524,38.331,117.32,20632,393,195.82
525,38.329,117.32,20702,392,195.82
526,38.327,117.32,20767,391,195.82
527,38.325,117.32,20834,391,195.82
528,38.323,117.32,20903,391,195.82
529,38.321,117.31,20973,390,195.82
530,38.319,117.31,21041,389,195.82
531,38.317,117.31,21110,388,195.82
532,38.315,117.31,21184,388,195.82
533,38.313,117.31,21252,387,195.82
534,38.311,117.31,21320,386,195.82
535,38.309,117.31,21394,385,195.82
536,38.308,117.31,21462,385,195.82
537,38.306,117.31,21531,384,195.82
538,38.304,117.31,21604,383,195.82
539,38.302,117.31,21673,382,195.82
540,38.3,117.31,21740,382,195.82
541,38.298,117.31,21808,380,195.82
542,38.296,117.31,21880,379,195.82
543,38.294,117.31,21947,378,195.82
544,38.292,117.31,22015,377,196.17
545,38.291,117.31,22084,375,196.17
546,38.289,117.31,22150,374,196.17
547,38.287,117.31,22217,374,196.17
548,38.285,117.31,22286,373,196.17
549,38.283,117.31,22353,372,196.17
550,38.281,117.31,22417,370,196.17
551,38.279,117.31,22485,369,196.17
552,38.278,117.31,22546,368,196.17
553,38.276,117.31,22604,368,196.17
554,38.274,117.31,22655,369,196.52
555,38.272,117.31,22707,369,196.52
556,38.27,117.31,22750,370,196.52
557,38.268,117.31,22790,370,196.52
558,38.266,117.31,22829,371,196.52
559,38.264,117.31,22865,371,196.52
560,38.263,117.31,22901,372,196.52
561,38.261,117.31,22938,372,196.52
562,38.259,117.31,22976,372,196.52
563,38.257,117.31,23017,372,196.52
564,38.255,117.31,23061,372,196.52
565,38.253,117.31,23105,372,196.52
566,38.251,117.31,23153,372,196.52
567,38.249,117.31,23203,373,196.52
568,38.248,117.31,23255,373,196.52
569,38.246,117.31,23307,373,196.52
570,38.244,117.31,23359,373,196.52
571,38.242,117.31,23414,372,196.52
572,38.24,117.31,23466,371,196.52
573,38.238,117.31,23516,371,196.52
574,38.236,117.31,23567,372,196.52
575,38.234,117.31,23613,372,196.88
576,38.232,117.31,23657,372,196.88
577,38.231,117.31,23702,372,196.88
578,38.229,117.31,23743,372,196.88
579,38.227,117.31,23784,372,196.88
580,38.225,117.31,23826,372,196.88
581,38.223,117.31,23868,372,196.88
582,38.221,117.31,23908,372,196.88
583,38.219,117.31,23950,372,196.88
584,38.217,117.31,23993,372,196.88
585,38.216,117.31,24035,372,196.88
586,38.214,117.31,24077,372,196.88
587,38.212,117.31,24121,372,196.88
588,38.21,117.31,24162,372,196.88
589,38.208,117.31,24204,372,196.88
590,38.206,117.31,24248,373,196.88
591,38.204,117.31,24289,373,196.88
592,38.203,117.31,24330,373,197.23
593,38.201,117.31,24371,374,197.23
594,38.199,117.31,24413,374,197.23
595,38.197,117.31,24454,374,197.23
596,38.195,117.31,24495,375,197.23
597,38.193,117.31,24539,375,197.23
598,38.191,117.31,24579,375,197.23
599,38.189,117.31,24621,374,197.23
600,38.187,117.31,24665,374,197.23
601,38.185,117.31,24704,374,197.23
602,38.183,117.31,24745,374,197.23
603,38.182,117.31,24786,374,197.23
604,38.18,117.31,24825,374,197.23
605,38.178,117.31,24862,374,197.23
606,38.176,117.31,24899,374,197.58
607,38.174,117.31,24937,374,197.58
608,38.172,117.3,24973,374,197.58
609,38.17,117.3,25008,375,197.58
610,38.168,117.3,25045,374,197.58
611,38.167,117.3,25080,375,197.58
612,38.165,117.3,25115,376,197.58
613,38.163,117.3,25151,376,197.23
614,38.161,117.3,25187,376,197.23
615,38.159,117.3,25222,377,197.23
616,38.157,117.3,25262,377,197.23
617,38.155,117.3,25298,377,197.23
618,38.153,117.3,25335,377,197.23
619,38.151,117.3,25372,377,197.23
620,38.149,117.3,25410,377,197.23
621,38.147,117.3,25447,377,197.23
622,38.146,117.3,25483,378,197.23
623,38.144,117.3,25521,378,197.23
624,38.142,117.3,25555,378,196.88
625,38.14,117.3,25590,378,196.88
626,38.138,117.3,25627,378,196.88
627,38.136,117.3,25660,378,196.88
628,38.134,117.3,25694,378,196.88
629,38.132,117.3,25731,378,196.88
630,38.13,117.3,25765,379,196.88
631,38.128,117.3,25798,379,196.88
632,38.127,117.3,25831,379,196.88
633,38.125,117.3,25865,379,196.88
634,38.123,117.3,25897,379,196.88
635,38.121,117.3,25928,380,196.88
636,38.119,117.3,25961,380,196.88
637,38.117,117.3,25992,380,196.88
638,38.115,117.3,26022,380,196.88
639,38.113,117.3,26056,381,196.88
640,38.111,117.3,26088,381,196.52
641,38.109,117.3,26118,380,196.52
642,38.107,117.3,26152,380,196.52
643,38.105,117.3,26182,380,196.52
644,38.104,117.3,26214,380,196.52
645,38.102,117.3,26245,380,196.52
646,38.1,117.3,26276,381,196.52
647,38.098,117.3,26305,381,196.52
648,38.096,117.3,26334,381,196.52
649,38.094,117.3,26363,382,196.52
650,38.092,117.3,26391,382,196.52
651,38.09,117.3,26420,382,196.52
652,38.088,117.3,26450,383,196.17
653,38.086,117.3,26478,383,196.17
654,38.084,117.3,26508,383,196.17
655,38.082,117.3,26539,383,196.17
656,38.08,117.3,26568,383,196.17
657,38.078,117.3,26598,383,196.17
658,38.076,117.3,26626,384,196.17
659,38.074,117.3,26658,384,196.17
660,38.072,117.3,26687,384,196.17
661,38.07,117.3,26717,385,196.17
662,38.068,117.3,26747,385,196.17
663,38.066,117.3,26774,385,196.17
664,38.064,117.3,26802,386,196.17
665,38.062,117.3,26833,386,196.17
666,38.061,117.3,26862,387,196.17
667,38.059,117.3,26891,387,196.17
668,38.057,117.3,26921,387,196.17
669,38.055,117.3,26951,387,196.17
670,38.053,117.3,26981,388,196.17
671,38.051,117.3,27012,388,196.17
672,38.049,117.3,27044,388,196.17
673,38.047,117.3,27074,388,196.17
674,38.045,117.3,27105,389,196.17
675,38.043,117.3,27137,389,196.17
676,38.041,117.3,27167,389,196.17
677,38.039,117.3,27196,390,196.17
678,38.037,117.3,27227,390,196.17
679,38.035,117.3,27256,390,196.17
680,38.033,117.3,27286,390,196.17
681,38.031,117.3,27316,391,196.17
682,38.029,117.29,27345,391,196.17
683,38.027,117.29,27374,391,196.17
684,38.025,117.29,27403,391,196.17
685,38.023,117.29,27433,392,196.17
686,38.021,117.29,27462,392,196.17
687,38.019,117.29,27492,392,196.17
688,38.017,117.29,27523,392,196.17
689,38.015,117.29,27550,392,196.17
690,38.013,117.29,27580,393,196.17
691,38.011,117.29,27611,393,196.17
692,38.009,117.29,27640,393,196.17
693,38.007,117.29,27668,394,196.17
694,38.005,117.29,27699,394,196.17
695,38.003,117.29,27727,394,196.17
696,38.001,117.29,27757,395,196.17
697,37.999,117.29,27786,395,196.17
698,37.997,117.29,27817,395,196.17
699,37.995,117.29,27847,395,196.17
700,37.993,117.29,27877,396,196.17
701,37.991,117.29,27909,396,196.17
702,37.989,117.29,27939,396,196.17
703,37.987,117.29,27969,396,196.17
704,37.985,117.29,28001,396,196.17
705,37.983,117.29,28030,396,196.17
706,37.981,117.29,28060,396,196.17
707,37.979,117.29,28090,396,196.17
708,37.977,117.29,28119,397,196.17
709,37.975,117.29,28148,397,196.17
710,37.973,117.29,28176,397,196.17
711,37.971,117.29,28204,397,196.17
712,37.969,117.29,28234,398,196.17
713,37.967,117.29,28261,398,196.17
714,37.965,117.29,28291,398,196.17
715,37.963,117.29,28320,399,196.17
716,37.961,117.29,28347,399,196.17
717,37.958,117.29,28379,399,196.17
718,37.956,117.29,28409,399,196.17
719,37.954,117.29,28439,399,196.17
720,37.952,117.29,28470,399,196.17
721,37.95,117.29,28499,399,195.82
722,37.948,117.29,28527,399,195.82
723,37.946,117.29,28557,399,195.82
724,37.944,117.29,28587,399,195.82
725,37.942,117.29,28614,400,195.82
726,37.94,117.29,28641,400,195.82
727,37.938,117.29,28668,400,195.82
728,37.936,117.29,28696,401,195.82
729,37.934,117.29,28723,400,195.82
730,37.932,117.29,28752,401,195.82
731,37.93,117.29,28779,402,195.82
732,37.928,117.29,28806,402,195.82
733,37.926,117.29,28836,402,195.82
734,37.924,117.29,28865,402,195.82
735,37.922,117.29,28894,402,195.82
736,37.92,117.29,28925,402,195.82
737,37.918,117.29,28955,402,195.82
738,37.916,117.29,28985,403,195.82
739,37.914,117.29,29012,402,195.82
740,37.912,117.29,29043,403,195.82
741,37.91,117.29,29071,403,195.82
742,37.907,117.29,29098,403,195.82
743,37.905,117.29,29128,403,195.82
744,37.903,117.29,29155,404,195.82
745,37.901,117.29,29181,404,195.82
746,37.899,117.29,29210,404,195.82
747,37.897,117.29,29238,404,195.82
748,37.895,117.29,29264,404,195.82
749,37.893,117.29,29294,405,195.82
750,37.891,117.29,29321,405,195.82
751,37.889,117.29,29348,405,195.82
752,37.887,117.29,29376,405,195.82
753,37.885,117.29,29405,405,195.82
754,37.883,117.29,29433,405,195.82
755,37.881,117.28,29460,406,195.82
756,37.878,117.28,29490,406,196.17
757,37.876,117.28,29518,406,196.17
758,37.874,117.28,29546,406,196.17
759,37.872,117.28,29575,406,196.17
760,37.87,117.28,29603,406,196.17
761,37.868,117.28,29632,406,196.17
762,37.866,117.28,29661,407,196.17
763,37.864,117.28,29688,407,196.17
764,37.862,117.28,29715,407,196.17
765,37.86,117.28,29742,407,196.17
766,37.858,117.28,29769,407,196.17
767,37.856,117.28,29793,408,196.17
768,37.854,117.28,29818,408,196.17
769,37.852,117.28,29847,408,196.17
770,37.85,117.28,29873,408,196.17
771,37.848,117.28,29899,408,196.17
772,37.845,117.28,29927,408,196.17
773,37.843,117.28,29953,408,196.17
774,37.841,117.28,29979,407,196.17
775,37.839,117.28,30006,407,196.17
776,37.837,117.28,30034,407,196.17
777,37.835,117.28,30059,408,196.17
778,37.833,117.28,30084,408,196.17
779,37.831,117.28,30109,408,196.17
780,37.829,117.28,30132,408,196.17
781,37.827,117.28,30153,409,196.17
782,37.824,117.28,30174,409,196.17
783,37.822,117.28,30193,409,196.17
784,37.82,117.28,30211,410,196.17
785,37.818,117.28,30229,410,196.17
786,37.816,117.28,30245,410,196.17
787,37.814,117.28,30262,411,196.17
788,37.812,117.28,30279,411,196.17
789,37.81,117.28,30295,411,196.17
790,37.808,117.28,30311,411,196.17
791,37.806,117.28,30328,412,196.17
792,37.803,117.28,30345,412,196.17
793,37.801,117.28,30361,413,196.17
794,37.799,117.28,30377,414,195.82
795,37.797,117.28,30394,414,195.82
796,37.795,117.28,30411,415,195.82
797,37.793,117.28,30428,416,195.82
798,37.791,117.28,30447,416,195.82
799,37.789,117.28,30465,417,195.82
800,37.786,117.28,30482,417,195.82
801,37.784,117.28,30500,418,195.82
802,37.782,117.28,30519,418,195.82
803,37.78,117.28,30537,419,195.82
804,37.778,117.28,30556,419,195.82
805,37.776,117.28,30575,419,195.82
806,37.774,117.28,30593,420,195.82
807,37.772,117.28,30613,420,195.82
808,37.769,117.28,30631,421,195.47
809,37.767,117.28,30651,421,195.47
810,37.765,117.28,30669,421,195.47
811,37.763,117.28,30689,422,195.47
812,37.761,117.28,30707,422,195.47
813,37.759,117.28,30726,423,195.47
814,37.756,117.28,30746,424,195.47
815,37.754,117.28,30764,424,195.47
816,37.752,117.28,30784,425,195.47
817,37.75,117.28,30802,424,195.47
818,37.748,117.28,30822,426,195.47
819,37.746,117.28,30842,426,195.47
820,37.744,117.28,30861,427,195.47
821,37.741,117.28,30881,427,195.47
822,37.739,117.28,30900,428,195.47
823,37.737,117.28,30920,428,195.47
824,37.735,117.27,30940,429,195.47
825,37.733,117.27,30960,429,195.47
826,37.731,117.27,30977,429,195.47
827,37.728,117.27,30994,430,195.47
828,37.726,117.27,31008,430,195.12
829,37.724,117.27,31020,431,195.12
830,37.722,117.27,31028,432,195.12
831,37.72,117.27,31037,432,195.12
832,37.717,117.27,31041,433,195.12
833,37.715,117.27,31043,433,195.12
834,37.713,117.27,31045,434,195.12
835,37.711,117.27,31047,434,195.12
836,37.709,117.27,31045,435,195.12
837,37.706,117.27,31045,435,195.12
838,37.704,117.27,31043,435,195.12
839,37.702,117.27,31043,436,195.12
840,37.7,117.27,31040,436,195.12
841,37.698,117.27,31039,436,195.12
842,37.696,117.27,31039,436,195.12
843,37.693,117.27,31037,437,195.12
844,37.691,117.27,31038,437,195.12
845,37.689,117.27,31040,438,195.12
846,37.687,117.27,31040,438,195.12
847,37.684,117.27,31038,438,195.12
848,37.682,117.27,31038,438,195.12
849,37.68,117.27,31036,438,195.12
850,37.678,117.27,31036,438,195.12
851,37.676,117.27,31036,438,195.12
852,37.673,117.27,31035,438,195.12
853,37.671,117.27,31035,438,195.12
854,37.669,117.27,31036,438,195.12
855,37.667,117.27,31037,438,195.12
856,37.665,117.27,31035,438,195.12
857,37.662,117.27,31036,438,195.12
858,37.66,117.27,31036,438,195.12
859,37.658,117.27,31037,438,195.12
860,37.656,117.27,31037,438,195.12
861,37.654,117.27,31038,438,195.12
862,37.651,117.27,31038,438,195.12
863,37.649,117.27,31038,439,195.12
864,37.647,117.27,31039,439,195.12
865,37.645,117.27,31038,439,195.12
866,37.643,117.27,31039,439,195.12
867,37.64,117.27,31038,439,195.12
868,37.638,117.27,31039,439,195.12
869,37.636,117.27,31040,439,195.12
870,37.634,117.27,31041,439,195.12
871,37.631,117.27,31041,439,195.12
872,37.629,117.27,31041,439,195.12
873,37.627,117.27,31041,439,195.12
874,37.625,117.27,31040,439,195.12
875,37.623,117.27,31041,439,195.12
876,37.62,117.27,31042,439,195.12
877,37.618,117.27,31041,439,195.12
878,37.616,117.27,31041,439,195.12
879,37.614,117.27,31042,439,195.12
880,37.612,117.27,31040,439,195.12
881,37.609,117.27,31041,439,195.12
882,37.607,117.27,31041,439,195.12
883,37.605,117.27,31042,439,195.12
884,37.603,117.27,31041,439,195.12
885,37.601,117.27,31041,439,195.12
886,37.598,117.27,31041,440,195.12
887,37.596,117.27,31041,440,195.12
888,37.594,117.27,31040,440,195.12
889,37.592,117.27,31040,440,195.12
890,37.589,117.27,31040,440,195.12
891,37.587,117.27,31039,440,195.12
892,37.585,117.27,31041,441,195.12
893,37.583,117.26,31039,441,195.12
894,37.581,117.26,31039,441,195.12
895,37.578,117.26,31038,441,195.12
896,37.576,117.26,31039,441,195.12
897,37.574,117.26,31040,441,195.12
898,37.572,117.26,31039,441,195.12
899,37.569,117.26,31039,441,195.12
900,37.567,117.26,31038,441,195.12
901,37.565,117.26,31038,441,195.12
902,37.563,117.26,31038,441,195.12
903,37.561,117.26,31039,441,194.77
904,37.558,117.26,31038,441,194.77
905,37.556,117.26,31039,441,194.41
906,37.554,117.26,31039,441,193.71
907,37.552,117.26,31040,441,193.36
908,37.55,117.26,31039,441,193.01
909,37.547,117.26,31040,441,192.66
910,37.545,117.26,31039,441,191.95
911,37.543,117.26,31039,441,191.6
912,37.541,117.26,31039,441,191.25
913,37.538,117.26,31039,441,190.9
914,37.536,117.26,31039,441,190.55
915,37.534,117.26,31039,441,190.2
916,37.532,117.26,31040,441,189.84
917,37.529,117.26,31039,441,189.49
918,37.527,117.26,31038,441,189.14
919,37.525,117.26,31039,441,188.44
920,37.523,117.26,31038,441,188.09
921,37.521,117.26,31038,441,187.73
922,37.518,117.26,31038,441,187.38
923,37.516,117.26,31038,441,187.03
924,37.514,117.26,31037,441,186.68
925,37.512,117.26,31037,441,186.33
926,37.509,117.26,31038,441,185.98
927,37.507,117.27,31038,442,185.63
928,37.505,117.27,31037,442,185.27
929,37.503,117.27,31037,442,184.92
930,37.5,117.27,31037,442,184.57
931,37.498,117.27,31036,443,184.22
932,37.496,117.27,31037,442,183.87
933,37.494,117.27,31037,443,183.52
934,37.491,117.27,31038,443,183.16
935,37.489,117.27,31038,443,182.81
936,37.487,117.27,31038,443,182.46
937,37.485,117.27,31039,443,182.11
938,37.482,117.27,31038,444,181.76
939,37.48,117.27,31040,444,181.41
940,37.478,117.27,31039,445,181.05
941,37.476,117.27,31040,445,181.05
942,37.474,117.27,31040,445,181.05
943,37.471,117.27,31041,445,181.05
944,37.469,117.27,31040,445,181.05
945,37.467,117.27,31041,445,181.05
946,37.465,117.27,31040,445,181.05
947,37.462,117.27,31040,445,181.05
948,37.46,117.27,31041,445,181.05
949,37.458,117.27,31040,445,181.05
950,37.456,117.27,31041,445,181.05
951,37.453,117.28,31039,445,181.05
952,37.451,117.28,31039,445,181.05
953,37.449,117.28,31040,445,181.05
954,37.447,117.28,31039,445,181.05
955,37.444,117.28,31040,445,181.05
956,37.442,117.28,31038,445,181.05
957,37.44,117.28,31039,445,181.05
958,37.438,117.28,31038,445,181.05
959,37.435,117.28,31039,445,181.05
960,37.433,117.28,31039,445,181.05
961,37.431,117.28,31039,445,181.05
962,37.429,117.28,31039,445,181.05
963,37.427,117.28,31038,445,181.05
964,37.424,117.28,31038,445,181.05
965,37.422,117.28,31036,445,181.05
966,37.42,117.28,31037,445,181.05
967,37.418,117.28,31036,445,181.05
968,37.415,117.28,31036,445,181.05
969,37.413,117.28,31036,445,181.05
970,37.411,117.28,31035,445,181.05
971,37.409,117.28,31035,445,181.05
972,37.406,117.28,31035,445,181.05
973,37.404,117.29,31036,445,181.05
974,37.402,117.29,31034,445,181.05
975,37.4,117.29,31035,444,181.05
976,37.398,117.29,31034,444,181.05
977,37.395,117.29,31033,444,181.05
978,37.393,117.29,31032,443,181.05
979,37.391,117.29,31032,443,181.05
980,37.389,117.29,31032,443,181.05
981,37.386,117.29,31031,442,181.05
982,37.384,117.29,31032,441,181.05
983,37.382,117.29,31031,441,181.05
984,37.38,117.29,31031,441,181.05
985,37.378,117.29,31031,441,181.05
986,37.375,117.29,31032,440,181.05
987,37.373,117.29,31032,440,181.05
988,37.371,117.29,31032,439,181.41
989,37.369,117.29,31030,439,181.41
990,37.367,117.29,31031,439,181.41
991,37.364,117.29,31032,438,181.41
992,37.362,117.29,31032,438,181.41
993,37.36,117.29,31032,437,181.41
994,37.358,117.29,31034,437,181.41
995,37.356,117.3,31033,437,181.41
996,37.353,117.3,31035,437,181.41
997,37.351,117.3,31036,437,181.41
998,37.349,117.3,31037,437,181.41
999,37.347,117.3,31036,437,181.41
1000,37.345,117.3,31038,436,181.41
1001,37.342,117.3,31035,436,181.41
1002,37.34,117.3,31036,436,181.41
1003,37.338,117.3,31035,436,181.41
1004,37.336,117.3,31035,436,181.41
1005,37.334,117.3,31033,436,181.41
1006,37.331,117.3,31032,436,181.41
1007,37.329,117.3,31031,436,181.41
1008,37.327,117.3,31030,436,181.41
1009,37.325,117.3,31030,435,181.41
1010,37.323,117.3,31029,435,181.41
1011,37.321,117.3,31027,435,181.41
1012,37.318,117.3,31028,435,181.41
1013,37.316,117.3,31026,435,181.41
1014,37.314,117.3,31028,435,181.41
1015,37.312,117.3,31027,435,181.41
1016,37.31,117.3,31028,435,181.41
1017,37.308,117.3,31029,434,181.41
1018,37.305,117.31,31028,434,181.41
1019,37.303,117.31,31030,434,181.41
1020,37.301,117.31,31030,434,181.41
1021,37.299,117.31,31031,434,181.41
1022,37.297,117.31,31032,434,181.41
1023,37.294,117.31,31033,434,181.41
1024,37.292,117.31,31033,433,181.41
1025,37.29,117.31,31035,433,181.41
1026,37.288,117.31,31035,433,181.41
1027,37.286,117.31,31034,433,181.41
1028,37.284,117.31,31035,433,181.41
1029,37.281,117.31,31034,433,181.41
1030,37.279,117.31,31035,433,181.41
1031,37.277,117.31,31035,433,181.41
1032,37.275,117.31,31034,433,181.41
1033,37.273,117.31,31034,433,181.41
1034,37.271,117.31,31034,433,181.76
1035,37.268,117.31,31035,433,181.76
1036,37.266,117.31,31034,433,181.76
1037,37.264,117.31,31035,433,181.76
1038,37.262,117.31,31035,433,181.76
1039,37.26,117.31,31035,433,181.76
1040,37.258,117.32,31034,433,181.76
1041,37.255,117.32,31034,433,181.76
1042,37.253,117.32,31033,433,181.76
1043,37.251,117.32,31034,433,181.76
1044,37.249,117.32,31035,433,181.76
1045,37.247,117.32,31034,433,181.76
1046,37.244,117.32,31033,433,181.76
1047,37.242,117.32,31033,433,181.76
1048,37.24,117.32,31033,433,181.76
1049,37.238,117.32,31034,433,181.76
1050,37.236,117.32,31034,433,181.76
1051,37.234,117.32,31035,433,181.76
1052,37.231,117.32,31034,432,181.76
1053,37.229,117.32,31034,432,181.76
1054,37.227,117.32,31033,432,181.76
1055,37.225,117.32,31034,432,181.76
1056,37.223,117.32,31033,432,181.76
1057,37.221,117.32,31033,432,181.76
1058,37.218,117.32,31034,432,181.76
1059,37.216,117.32,31034,432,181.76
1060,37.214,117.32,31034,432,181.76
1061,37.212,117.32,31035,432,181.76
1062,37.21,117.32,31035,432,181.76
1063,37.208,117.33,31035,432,181.76
1064,37.205,117.33,31036,432,181.76
1065,37.203,117.33,31035,432,181.76
1066,37.201,117.33,31034,432,181.76
1067,37.199,117.33,31035,432,181.76
1068,37.197,117.33,31036,432,181.76
1069,37.194,117.33,31036,432,181.76
1070,37.192,117.33,31035,432,181.76
1071,37.19,117.33,31036,432,181.76
1072,37.188,117.33,31035,432,181.76
1073,37.186,117.33,31034,432,181.76
1074,37.184,117.33,31034,432,181.76
1075,37.181,117.33,31034,432,181.76
1076,37.179,117.33,31034,432,181.76
1077,37.177,117.33,31034,432,181.76
1078,37.175,117.33,31035,432,181.76
1079,37.173,117.33,31034,432,181.76
1080,37.171,117.33,31035,432,181.76
1081,37.168,117.33,31034,432,181.76
1082,37.166,117.33,31035,432,181.76
1083,37.164,117.33,31036,432,181.76
1084,37.162,117.33,31036,432,181.76
1085,37.16,117.33,31036,432,181.76
1086,37.157,117.33,31036,432,181.76
1087,37.155,117.34,31037,432,181.76
1088,37.153,117.34,31037,432,181.76
1089,37.151,117.34,31038,432,181.76
1090,37.149,117.34,31037,432,181.76
1091,37.147,117.34,31038,432,181.76
1092,37.144,117.34,31037,431,181.76
1093,37.142,117.34,31037,432,181.76
1094,37.14,117.34,31037,432,181.76
1095,37.138,117.34,31037,432,181.76
1096,37.136,117.34,31036,432,181.76
1097,37.134,117.34,31036,432,181.76
1098,37.131,117.34,31036,432,181.76
1099,37.129,117.34,31036,432,181.76
1100,37.127,117.34,31036,432,181.76
1101,37.125,117.34,31035,432,181.76
1102,0,0,0,0,0
1103,0,0,0,0,0
1104,0,0,0,0,0
1105,0,0,0,0,0
1106,0,0,0,0,0
1107,0,0,0,0,0
1108,0,0,0,0,0
1109,0,0,0,0,0
1110,0,0,0,0,0
1111,37.103,117.35,31034,431,181.76
1112,0,0,0,0,0
1113,0,0,0,0,0
1114,0,0,0,0,0
1115,0,0,0,0,0
1116,0,0,0,0,0
1117,0,0,0,0,0
1118,0,0,0,0,0
1119,0,0,0,0,0
1120,0,0,0,0,0
1121,37.081,117.35,31035,431,181.41
1122,0,0,0,0,0
1123,0,0,0,0,0
1124,0,0,0,0,0
1125,0,0,0,0,0
1126,0,0,0,0,0
1127,0,0,0,0,0
1128,0,0,0,0,0
1129,0,0,0,0,0
1130,0,0,0,0,0
1131,37.06,117.35,31036,431,181.41
1132,0,0,0,0,0
1133,0,0,0,0,0
1134,0,0,0,0,0
1135,0,0,0,0,0
1136,0,0,0,0,0
1137,0,0,0,0,0
1138,0,0,0,0,0
1139,0,0,0,0,0
1140,0,0,0,0,0
1141,37.038,117.36,31038,432,181.41
1142,0,0,0,0,0
1143,0,0,0,0,0
1144,0,0,0,0,0
1145,0,0,0,0,0
1146,0,0,0,0,0
1147,0,0,0,0,0
1148,0,0,0,0,0
1149,0,0,0,0,0
1150,0,0,0,0,0
1151,37.016,117.36,31038,433,181.41
1152,0,0,0,0,0
1153,0,0,0,0,0
1154,0,0,0,0,0
1155,0,0,0,0,0
1156,0,0,0,0,0
1157,0,0,0,0,0
1158,0,0,0,0,0
1159,0,0,0,0,0
1160,0,0,0,0,0
1161,36.994,117.37,31037,432,181.41
1162,0,0,0,0,0
1163,0,0,0,0,0
1164,0,0,0,0,0
1165,0,0,0,0,0
1166,0,0,0,0,0
1167,0,0,0,0,0
1168,0,0,0,0,0
1169,0,0,0,0,0
1170,0,0,0,0,0
1171,36.973,117.37,31039,432,181.41
1172,0,0,0,0,0
1173,0,0,0,0,0
1174,0,0,0,0,0
1175,0,0,0,0,0
1176,0,0,0,0,0
1177,0,0,0,0,0
1178,0,0,0,0,0
1179,0,0,0,0,0
1180,0,0,0,0,0
1181,36.951,117.38,31036,432,181.41
1182,0,0,0,0,0
1183,0,0,0,0,0
1184,0,0,0,0,0
1185,0,0,0,0,0
1186,0,0,0,0,0
1187,0,0,0,0,0
1188,0,0,0,0,0
1189,0,0,0,0,0
1190,0,0,0,0,0
1191,36.929,117.38,31039,432,181.41
1192,0,0,0,0,0
1193,0,0,0,0,0
1194,0,0,0,0,0
1195,0,0,0,0,0
1196,0,0,0,0,0
1197,0,0,0,0,0
1198,0,0,0,0,0
1199,0,0,0,0,0
1200,0,0,0,0,0
1201,36.908,117.38,31037,432,181.41
1202,0,0,0,0,0
1203,0,0,0,0,0
1204,0,0,0,0,0
1205,0,0,0,0,0
1206,0,0,0,0,0
1207,0,0,0,0,0
1208,0,0,0,0,0
1209,0,0,0,0,0
1210,0,0,0,0,0
1211,36.886,117.39,31036,431,181.41
1212,0,0,0,0,0
1213,0,0,0,0,0
1214,0,0,0,0,0
1215,0,0,0,0,0
1216,0,0,0,0,0
1217,0,0,0,0,0
1218,0,0,0,0,0
1219,0,0,0,0,0
1220,0,0,0,0,0
1221,36.864,117.39,31035,432,181.41
1222,0,0,0,0,0
1223,0,0,0,0,0
1224,0,0,0,0,0
1225,0,0,0,0,0
1226,0,0,0,0,0
1227,0,0,0,0,0
1228,0,0,0,0,0
1229,0,0,0,0,0
1230,0,0,0,0,0
1231,36.843,117.4,31035,430,181.41
1232,0,0,0,0,0
1233,0,0,0,0,0
1234,0,0,0,0,0
1235,0,0,0,0,0
1236,0,0,0,0,0
1237,0,0,0,0,0
1238,0,0,0,0,0
1239,0,0,0,0,0
1240,0,0,0,0,0
1241,36.821,117.4,31035,430,181.41
1242,0,0,0,0,0
1243,0,0,0,0,0
1244,0,0,0,0,0
1245,0,0,0,0,0
1246,0,0,0,0,0
1247,0,0,0,0,0
1248,0,0,0,0,0
1249,0,0,0,0,0
1250,0,0,0,0,0
1251,36.799,117.41,31037,430,181.41
1252,0,0,0,0,0
1253,0,0,0,0,0
1254,0,0,0,0,0
1255,0,0,0,0,0
1256,0,0,0,0,0
1257,0,0,0,0,0
1258,0,0,0,0,0
1259,0,0,0,0,0
1260,0,0,0,0,0
1261,36.777,117.41,31038,430,181.05
1262,0,0,0,0,0
1263,0,0,0,0,0
1264,0,0,0,0,0
1265,0,0,0,0,0
1266,0,0,0,0,0
1267,0,0,0,0,0
1268,0,0,0,0,0
1269,0,0,0,0,0
1270,0,0,0,0,0
1271,36.756,117.41,31036,431,181.05
1272,0,0,0,0,0
1273,0,0,0,0,0
1274,0,0,0,0,0
1275,0,0,0,0,0
1276,0,0,0,0,0
1277,0,0,0,0,0
1278,0,0,0,0,0
1279,0,0,0,0,0
1280,0,0,0,0,0
1281,36.734,117.42,31033,431,181.41
1282,0,0,0,0,0
1283,0,0,0,0,0
1284,0,0,0,0,0
1285,0,0,0,0,0
1286,0,0,0,0,0
1287,0,0,0,0,0
1288,0,0,0,0,0
1289,0,0,0,0,0
1290,0,0,0,0,0
1291,36.712,117.42,31032,431,181.41
1292,0,0,0,0,0
1293,0,0,0,0,0
1294,0,0,0,0,0
1295,0,0,0,0,0
1296,0,0,0,0,0
1297,0,0,0,0,0
1298,0,0,0,0,0
1299,0,0,0,0,0
1300,0,0,0,0,0
1301,36.69,117.43,31035,431,181.41
1302,0,0,0,0,0
1303,0,0,0,0,0
1304,0,0,0,0,0
1305,0,0,0,0,0
1306,0,0,0,0,0
1307,0,0,0,0,0
1308,0,0,0,0,0
1309,0,0,0,0,0
1310,0,0,0,0,0
1311,36.669,117.43,31037,431,181.41
1312,0,0,0,0,0
1313,0,0,0,0,0
1314,0,0,0,0,0
1315,0,0,0,0,0
1316,0,0,0,0,0
1317,0,0,0,0,0
1318,0,0,0,0,0
1319,0,0,0,0,0
1320,0,0,0,0,0
1321,36.647,117.44,31038,431,181.41
1322,0,0,0,0,0
1323,0,0,0,0,0
1324,0,0,0,0,0
1325,0,0,0,0,0
1326,0,0,0,0,0
1327,0,0,0,0,0
1328,0,0,0,0,0
1329,0,0,0,0,0
1330,0,0,0,0,0
1331,36.625,117.44,31034,431,181.41
1332,0,0,0,0,0
1333,0,0,0,0,0
1334,0,0,0,0,0
1335,0,0,0,0,0
1336,0,0,0,0,0
1337,0,0,0,0,0
1338,0,0,0,0,0
1339,0,0,0,0,0
1340,0,0,0,0,0
1341,36.603,117.44,31037,430,181.41
1342,0,0,0,0,0
1343,0,0,0,0,0
1344,0,0,0,0,0
1345,0,0,0,0,0
1346,0,0,0,0,0
1347,0,0,0,0,0
1348,0,0,0,0,0
1349,0,0,0,0,0
1350,0,0,0,0,0
1351,36.582,117.45,31037,430,181.41
1352,0,0,0,0,0
1353,0,0,0,0,0
1354,0,0,0,0,0
1355,0,0,0,0,0
1356,0,0,0,0,0
1357,0,0,0,0,0
1358,0,0,0,0,0
1359,0,0,0,0,0
1360,0,0,0,0,0
1361,36.56,117.45,31037,430,181.41
1362,0,0,0,0,0
1363,0,0,0,0,0
1364,0,0,0,0,0
1365,0,0,0,0,0
1366,0,0,0,0,0
1367,0,0,0,0,0
1368,0,0,0,0,0
1369,0,0,0,0,0
1370,0,0,0,0,0
1371,36.538,117.46,31039,430,181.41
1372,0,0,0,0,0
1373,0,0,0,0,0
1374,0,0,0,0,0
1375,0,0,0,0,0
1376,0,0,0,0,0
1377,0,0,0,0,0
1378,0,0,0,0,0
1379,0,0,0,0,0
1380,0,0,0,0,0
1381,36.517,117.46,31035,430,181.41
1382,0,0,0,0,0
1383,0,0,0,0,0
1384,0,0,0,0,0
1385,0,0,0,0,0
1386,0,0,0,0,0
1387,0,0,0,0,0
1388,0,0,0,0,0
1389,0,0,0,0,0
1390,0,0,0,0,0
1391,36.495,117.47,31037,430,181.41
1392,0,0,0,0,0
1393,0,0,0,0,0
1394,0,0,0,0,0
1395,0,0,0,0,0
1396,0,0,0,0,0
1397,0,0,0,0,0
1398,0,0,0,0,0
1399,0,0,0,0,0
1400,0,0,0,0,0
1401,36.473,117.47,31035,429,181.41
1402,0,0,0,0,0
1403,0,0,0,0,0
1404,0,0,0,0,0
1405,0,0,0,0,0
1406,0,0,0,0,0
1407,0,0,0,0,0
1408,0,0,0,0,0
1409,0,0,0,0,0
1410,0,0,0,0,0
1411,36.451,117.47,31034,429,181.41
1412,0,0,0,0,0
1413,0,0,0,0,0
1414,0,0,0,0,0
1415,0,0,0,0,0
1416,0,0,0,0,0
1417,0,0,0,0,0
1418,0,0,0,0,0
1419,0,0,0,0,0
1420,0,0,0,0,0
1421,36.43,117.48,31036,430,181.41
1422,0,0,0,0,0
1423,0,0,0,0,0
1424,0,0,0,0,0
1425,0,0,0,0,0
1426,0,0,0,0,0
1427,0,0,0,0,0
1428,0,0,0,0,0
1429,0,0,0,0,0
1430,0,0,0,0,0
1431,36.408,117.48,31037,429,181.41
1432,0,0,0,0,0
1433,0,0,0,0,0
1434,0,0,0,0,0
1435,0,0,0,0,0
1436,0,0,0,0,0
1437,0,0,0,0,0
1438,0,0,0,0,0
1439,0,0,0,0,0
1440,0,0,0,0,0
1441,36.386,117.49,31034,429,181.41
1442,0,0,0,0,0
1443,0,0,0,0,0
1444,0,0,0,0,0
1445,0,0,0,0,0
1446,0,0,0,0,0
1447,0,0,0,0,0
1448,0,0,0,0,0
1449,0,0,0,0,0
1450,0,0,0,0,0
1451,36.364,117.49,31036,428,181.41
1452,0,0,0,0,0
1453,0,0,0,0,0
1454,0,0,0,0,0
1455,0,0,0,0,0
1456,0,0,0,0,0
1457,0,0,0,0,0
1458,0,0,0,0,0
1459,0,0,0,0,0
1460,0,0,0,0,0
1461,36.343,117.5,31038,429,181.41
1462,0,0,0,0,0
1463,0,0,0,0,0
1464,0,0,0,0,0
1465,0,0,0,0,0
1466,0,0,0,0,0
1467,0,0,0,0,0
1468,0,0,0,0,0
1469,0,0,0,0,0
1470,0,0,0,0,0
1471,36.321,117.5,31038,430,181.41
1472,0,0,0,0,0
1473,0,0,0,0,0
1474,0,0,0,0,0
1475,0,0,0,0,0
1476,0,0,0,0,0
1477,0,0,0,0,0
1478,0,0,0,0,0
1479,0,0,0,0,0
1480,0,0,0,0,0
1481,36.299,117.5,31037,430,181.05
1482,0,0,0,0,0
1483,0,0,0,0,0
1484,0,0,0,0,0
1485,0,0,0,0,0
1486,0,0,0,0,0
1487,0,0,0,0,0
1488,0,0,0,0,0
1489,0,0,0,0,0
1490,0,0,0,0,0
1491,36.277,117.51,31034,431,181.41
1492,0,0,0,0,0
1493,0,0,0,0,0
1494,0,0,0,0,0
1495,0,0,0,0,0
1496,0,0,0,0,0
1497,0,0,0,0,0
1498,0,0,0,0,0
1499,0,0,0,0,0
1500,0,0,0,0,0
1501,36.255,117.51,31036,431,181.41
1502,0,0,0,0,0
1503,0,0,0,0,0
1504,0,0,0,0,0
1505,0,0,0,0,0
1506,0,0,0,0,0
1507,0,0,0,0,0
1508,0,0,0,0,0
1509,0,0,0,0,0
1510,0,0,0,0,0
1511,36.234,117.52,31036,431,181.41
1512,0,0,0,0,0
1513,0,0,0,0,0
1514,0,0,0,0,0
1515,0,0,0,0,0
1516,0,0,0,0,0
1517,0,0,0,0,0
1518,0,0,0,0,0
1519,0,0,0,0,0
1520,0,0,0,0,0
1521,36.212,117.52,31037,431,181.05
1522,0,0,0,0,0
1523,0,0,0,0,0
1524,0,0,0,0,0
1525,0,0,0,0,0
1526,0,0,0,0,0
1527,0,0,0,0,0
1528,0,0,0,0,0
1529,0,0,0,0,0
1530,0,0,0,0,0
1531,36.19,117.53,31039,431,181.41
1532,0,0,0,0,0
1533,0,0,0,0,0
1534,0,0,0,0,0
1535,0,0,0,0,0
1536,0,0,0,0,0
1537,0,0,0,0,0
1538,0,0,0,0,0
1539,0,0,0,0,0
1540,0,0,0,0,0
1541,36.168,117.53,31038,430,181.05
1542,0,0,0,0,0
1543,0,0,0,0,0
1544,0,0,0,0,0
1545,0,0,0,0,0
1546,0,0,0,0,0
1547,0,0,0,0,0
1548,0,0,0,0,0
1549,0,0,0,0,0
1550,0,0,0,0,0
1551,36.146,117.53,31038,431,181.05
1552,0,0,0,0,0
1553,0,0,0,0,0
1554,0,0,0,0,0
1555,0,0,0,0,0
1556,0,0,0,0,0
1557,0,0,0,0,0
1558,0,0,0,0,0
1559,0,0,0,0,0
1560,0,0,0,0,0
1561,36.125,117.54,31036,430,181.05
1562,0,0,0,0,0
1563,0,0,0,0,0
1564,0,0,0,0,0
1565,0,0,0,0,0
1566,0,0,0,0,0
1567,0,0,0,0,0
1568,0,0,0,0,0
1569,0,0,0,0,0
1570,0,0,0,0,0
1571,36.103,117.54,31036,430,181.05
1572,0,0,0,0,0
1573,0,0,0,0,0
1574,0,0,0,0,0
1575,0,0,0,0,0
1576,0,0,0,0,0
1577,0,0,0,0,0
1578,0,0,0,0,0
1579,0,0,0,0,0
1580,0,0,0,0,0
1581,36.081,117.55,31034,430,181.05
1582,0,0,0,0,0
1583,0,0,0,0,0
1584,0,0,0,0,0
1585,0,0,0,0,0
1586,0,0,0,0,0
1587,0,0,0,0,0
1588,0,0,0,0,0
1589,0,0,0,0,0
1590,0,0,0,0,0
1591,36.059,117.55,31034,430,181.05
1592,0,0,0,0,0
1593,0,0,0,0,0
1594,0,0,0,0,0
1595,0,0,0,0,0
1596,0,0,0,0,0
1597,0,0,0,0,0
1598,0,0,0,0,0
1599,0,0,0,0,0
1600,0,0,0,0,0
1601,36.037,117.56,31033,430,181.05
1602,36.035,117.56,31034,430,181.05
1603,36.033,117.56,31033,430,181.05
1604,36.031,117.56,31033,430,181.05
1605,36.028,117.56,31034,430,181.05
1606,36.026,117.56,31034,430,181.05
1607,36.024,117.56,31034,430,181.05
1608,36.022,117.56,31034,430,181.05
1609,36.02,117.56,31033,430,181.05
1610,36.017,117.56,31033,430,181.05
1611,36.015,117.56,31034,430,181.05
1612,36.013,117.56,31035,430,181.05
1613,36.011,117.56,31036,430,181.05
1614,36.009,117.56,31036,430,181.05
1615,36.006,117.56,31034,430,181.05
1616,36.004,117.56,31036,430,181.05
1617,36.002,117.56,31036,430,181.05
1618,36,117.56,31035,430,181.05
1619,35.998,117.56,31036,430,181.05
1620,35.995,117.56,31036,430,181.05
1621,35.993,117.56,31036,430,181.05
1622,35.991,117.56,31036,430,181.05
1623,35.989,117.56,31037,430,181.05
1624,35.987,117.57,31038,430,181.05
1625,35.985,117.57,31037,430,181.05
1626,35.983,117.57,31037,430,181.05
1627,35.98,117.57,31038,430,181.05
1628,35.978,117.57,31038,430,181.05
1629,35.976,117.57,31038,430,181.05
1630,35.974,117.57,31039,430,181.05
1631,35.971,117.57,31039,430,181.05
1632,35.969,117.57,31039,430,181.05
1633,35.967,117.57,31038,430,181.05
1634,35.965,117.57,31038,430,181.05
1635,35.963,117.57,31039,430,181.05
1636,35.96,117.57,31039,430,181.05
1637,35.958,117.57,31038,430,181.05
1638,35.956,117.57,31039,430,181.05
1639,35.954,117.57,31039,430,181.05
1640,35.952,117.57,31039,430,181.05
1641,35.95,117.57,31039,430,181.05
1642,35.948,117.57,31040,430,181.05
1643,35.945,117.57,31039,430,181.05
1644,35.943,117.57,31040,430,181.05
1645,35.941,117.57,31039,430,181.05
1646,35.939,117.57,31039,430,181.05
1647,35.937,117.58,31040,430,181.05
1648,35.934,117.58,31039,430,181.05
1649,35.932,117.58,31039,430,180.7
1650,35.93,117.58,31040,431,180.7
1651,35.928,117.58,31039,431,180.7
1652,35.926,117.58,31039,431,180.7
1653,35.923,117.58,31038,431,180.7
1654,35.921,117.58,31038,431,180.7
1655,35.919,117.58,31039,431,180.7
1656,35.917,117.58,31038,431,180.7
1657,35.915,117.58,31037,432,180.7
1658,35.912,117.58,31039,432,180.7
1659,35.91,117.58,31038,432,180.7
1660,35.908,117.58,31037,432,180.7
1661,35.906,117.58,31039,432,180.7
1662,35.904,117.58,31039,432,180.7
1663,35.902,117.58,31038,432,180.7
1664,35.899,117.58,31039,432,180.7
1665,35.897,117.58,31038,432,180.7
1666,35.895,117.58,31039,432,180.7
1667,35.893,117.58,31037,432,180.7
1668,35.891,117.58,31038,433,180.7
1669,35.888,117.58,31039,433,180.7
1670,35.886,117.58,31039,433,180.7
1671,35.884,117.59,31038,433,180.7
1672,35.882,117.59,31038,433,180.7
1673,35.88,117.59,31038,433,180.7
1674,35.877,117.59,31038,433,180.7
1675,35.875,117.59,31039,433,180.7
1676,35.873,117.59,31038,433,180.7
1677,35.871,117.59,31038,433,180.7
1678,35.869,117.59,31039,433,180.7
1679,35.867,117.59,31039,433,180.7
1680,35.864,117.59,31040,433,180.7
1681,35.862,117.59,31039,433,180.7
1682,35.86,117.59,31038,433,180.7
1683,35.858,117.59,31039,433,180.7
1684,35.856,117.59,31038,433,180.7
1685,35.853,117.59,31039,433,180.7
1686,35.851,117.59,31037,433,180.7
1687,35.849,117.59,31038,433,180.7
1688,35.847,117.59,31037,433,180.7
1689,35.845,117.59,31038,433,180.7
1690,35.842,117.59,31037,433,180.7
1691,35.84,117.59,31038,433,180.7
1692,35.838,117.59,31037,433,180.7
1693,35.836,117.59,31036,433,180.7
1694,35.834,117.6,31036,433,180.7
1695,35.832,117.6,31035,433,180.7
1696,35.829,117.6,31035,433,180.7
1697,35.827,117.6,31035,433,180.7
1698,35.825,117.6,31034,433,180.7
1699,35.823,117.6,31034,433,180.7
1700,35.821,117.6,31033,433,180.7
1701,35.818,117.6,31034,433,180.7
1702,35.816,117.6,31033,432,180.7
1703,35.814,117.6,31033,432,180.7
1704,35.812,117.6,31032,432,180.7
1705,35.81,117.6,31032,432,180.7
1706,35.807,117.6,31032,432,180.7
1707,35.805,117.6,31033,432,180.7
1708,35.803,117.6,31033,432,180.7
1709,35.801,117.6,31033,432,180.7
1710,35.799,117.6,31033,432,180.7
1711,35.796,117.6,31033,432,180.7
1712,35.794,117.6,31033,432,180.7
1713,35.792,117.6,31033,432,180.7
1714,35.79,117.6,31034,432,180.7
1715,35.788,117.6,31034,432,180.7
1716,35.785,117.6,31034,431,180.7
1717,35.783,117.6,31034,431,180.7
1718,35.781,117.61,31034,431,180.7
1719,35.779,117.61,31033,431,180.7
1720,35.777,117.61,31034,431,180.7
1721,35.775,117.61,31034,431,180.7
1722,35.772,117.61,31034,431,180.7
1723,35.77,117.61,31035,431,180.7
1724,35.768,117.61,31035,431,180.7
1725,35.766,117.61,31034,431,180.7
1726,35.764,117.61,31035,431,180.7
1727,35.761,117.61,31035,431,180.7
1728,35.759,117.61,31036,432,180.7
1729,35.757,117.61,31035,432,180.7
1730,35.755,117.61,31036,432,180.7
1731,35.753,117.61,31036,432,180.7
1732,35.751,117.61,31036,432,180.7
1733,35.748,117.61,31036,432,180.7
1734,35.746,117.61,31036,432,180.7
1735,35.744,117.61,31036,432,180.7
1736,35.742,117.61,31035,432,180.7
1737,35.74,117.61,31036,432,180.7
1738,35.737,117.61,31035,432,180.7
1739,35.735,117.61,31034,431,180.7
1740,35.733,117.61,31035,431,180.7
1741,35.731,117.61,31036,431,180.7
1742,35.729,117.62,31035,431,180.7
1743,35.726,117.62,31035,431,180.7
1744,35.724,117.62,31035,431,180.7
1745,35.722,117.62,31036,431,180.7
1746,35.72,117.62,31035,430,180.7
1747,35.718,117.62,31036,430,180.7
1748,35.716,117.62,31036,430,180.7
1749,35.713,117.62,31036,430,180.7
1750,35.711,117.62,31037,430,180.7
1751,35.709,117.62,31037,430,180.7
1752,35.707,117.62,31038,430,180.7
1753,35.705,117.62,31038,430,180.7
1754,35.703,117.62,31038,430,180.7
1755,35.7,117.62,31038,430,180.7
1756,35.698,117.62,31038,430,180.7
1757,35.696,117.62,31039,430,180.7
1758,35.694,117.62,31040,430,180.7
1759,35.692,117.62,31038,430,180.7
1760,35.689,117.62,31039,430,180.7
1761,35.687,117.62,31038,430,180.7
1762,35.685,117.62,31037,430,180.7
1763,35.683,117.62,31038,430,180.7
1764,35.681,117.62,31037,430,180.7
1765,35.678,117.62,31037,430,180.7
1766,35.676,117.63,31036,430,180.7
1767,35.674,117.63,31035,430,180.7
1768,35.672,117.63,31036,430,180.7
1769,35.67,117.63,31035,430,180.35
1770,35.668,117.63,31035,430,180.7
1771,35.665,117.63,31035,430,180.7
1772,35.663,117.63,31036,430,180.7
1773,35.661,117.63,31034,430,180.7
1774,35.659,117.63,31034,429,180.7
1775,35.657,117.63,31034,429,180.7
1776,35.654,117.63,31033,429,180.7
1777,35.652,117.63,31032,429,180.7
1778,35.65,117.63,31032,429,180.7
1779,35.648,117.63,31030,429,180.7
1780,35.646,117.63,31030,429,180.7
1781,35.643,117.63,31030,429,180.7
1782,35.641,117.63,31030,429,180.7
1783,35.639,117.63,31031,429,180.7
1784,35.637,117.63,31031,429,180.7
1785,35.635,117.63,31031,429,180.7
1786,35.633,117.63,31032,429,180.35
1787,35.63,117.63,31032,429,180.35
1788,35.628,117.63,31033,429,180.35
1789,35.626,117.64,31033,429,180.35
1790,35.624,117.64,31034,429,180.35
1791,35.622,117.64,31033,429,180.35
1792,35.619,117.64,31033,429,180.35
1793,35.617,117.64,31033,429,180.35
1794,35.615,117.64,31032,429,180.35
1795,35.613,117.64,31033,429,180.35
1796,35.611,117.64,31032,429,180.35
1797,35.608,117.64,31032,429,180.35
1798,35.606,117.64,31032,429,180.35
1799,35.604,117.64,31032,429,180.35
1800,35.602,117.64,31031,429,180.35
1801,35.6,117.64,31031,429,180.35
1802,35.598,117.64,31031,429,180.35
1803,35.595,117.64,31032,429,180.35
1804,35.593,117.64,31031,429,180.35
1805,35.591,117.64,31031,429,180.35
1806,35.589,117.64,31031,429,180.35
1807,35.587,117.64,31032,429,180.35
1808,35.584,117.64,31032,429,180.35
1809,35.582,117.64,31032,429,180.35
1810,35.58,117.64,31032,429,180.35
1811,35.578,117.64,31032,429,180.35
1812,35.576,117.64,31032,429,180.35
1813,35.574,117.65,31031,429,180.35
1814,35.571,117.65,31033,429,180.35
1815,35.569,117.65,31032,429,180.35
1816,35.567,117.65,31032,429,180.35
1817,35.565,117.65,31033,429,180.35
1818,35.563,117.65,31032,429,180.35
1819,35.56,117.65,31033,429,180.35
1820,35.558,117.65,31033,429,180.35
1821,35.556,117.65,31033,429,180.35
1822,35.554,117.65,31033,429,180.35
1823,35.552,117.65,31033,429,180.35
1824,35.55,117.65,31034,429,180.35
1825,35.547,117.65,31034,429,180.35
1826,35.545,117.65,31035,429,180.35
1827,35.543,117.65,31036,429,180.35
1828,35.541,117.65,31036,429,180.35
1829,35.539,117.65,31035,429,180.35
1830,35.536,117.65,31035,429,180.35
1831,35.534,117.65,31038,429,180.35
1832,35.532,117.65,31037,429,180.35
1833,35.53,117.65,31037,429,180.35
1834,35.528,117.65,31038,429,180.35
1835,35.525,117.65,31038,429,180.35
1836,35.523,117.65,31039,429,180.35
1837,35.521,117.66,31038,429,180.35
1838,35.519,117.66,31039,429,180.35
1839,35.517,117.66,31039,430,180.35
1840,35.515,117.66,31039,430,180.35
1841,35.512,117.66,31039,430,180.35
1842,35.51,117.66,31039,430,180.35
1843,35.508,117.66,31040,430,180.35
1844,35.506,117.66,31040,429,180.35
1845,35.504,117.66,31040,429,180.35
1846,35.502,117.66,31039,429,180.35
1847,35.499,117.66,31038,429,180.35
1848,35.497,117.66,31038,429,180.35
1849,35.495,117.66,31038,430,180.35
1850,35.493,117.66,31037,430,180.35
1851,35.491,117.66,31036,429,180.35
1852,35.488,117.66,31035,429,180
1853,35.486,117.66,31035,429,180
1854,35.484,117.66,31035,429,180
1855,35.482,117.66,31035,429,180
1856,35.48,117.66,31034,429,180
1857,35.478,117.66,31034,429,180
1858,35.475,117.66,31035,429,180.35
1859,35.473,117.66,31034,429,180
1860,35.471,117.66,31033,429,180.35
1861,35.469,117.67,31033,429,180.35
1862,35.467,117.67,31034,429,180
1863,35.465,117.67,31034,429,180
1864,35.462,117.67,31034,430,180
1865,35.46,117.67,31034,430,180
1866,35.458,117.67,31034,430,180.35
1867,35.456,117.67,31034,430,180.35
1868,35.454,117.67,31035,430,180.35
1869,35.452,117.67,31034,430,180.35
1870,35.449,117.67,31035,430,180.35
1871,35.447,117.67,31034,431,180.35
1872,35.445,117.67,31036,431,180.35
1873,35.443,117.67,31036,431,180.35
1874,35.441,117.67,31036,431,180.35
1875,35.438,117.67,31036,430,180.35
1876,35.436,117.67,31037,430,180.35
1877,35.434,117.67,31037,430,180.35
1878,35.432,117.67,31036,430,180.35
1879,35.43,117.67,31036,430,180.35
1880,35.427,117.67,31035,430,180.7
1881,35.425,117.67,31036,430,180.7
1882,35.423,117.67,31036,430,180.7
1883,35.421,117.67,31036,431,180.7
1884,35.419,117.67,31036,431,180.7
1885,35.417,117.68,31036,431,180.7
1886,35.415,117.68,31038,431,180.7
1887,35.412,117.68,31038,431,180.7
1888,35.41,117.68,31040,431,180.7
1889,35.408,117.68,31040,431,180.7
1890,35.406,117.68,31041,431,180.7
1891,35.404,117.68,31041,431,180.7
1892,35.401,117.68,31043,432,180.7
1893,35.399,117.68,31043,432,180.7
1894,35.397,117.68,31043,432,180.7
1895,35.395,117.68,31045,432,180.7
1896,35.393,117.68,31046,432,180.7
1897,35.391,117.68,31046,432,180.7
1898,35.388,117.68,31044,432,180.7
1899,35.386,117.68,31045,433,180.7
1900,35.384,117.68,31043,432,180.7
1901,35.382,117.68,31044,432,180.7
1902,35.38,117.68,31044,432,180.7
1903,35.377,117.68,31043,432,180.7
1904,35.375,117.68,31044,432,180.7
1905,35.373,117.68,31041,432,180.7
1906,35.371,117.68,31042,433,180.7
1907,35.369,117.68,31041,432,180.7
1908,35.367,117.68,31040,432,180.7
1909,35.364,117.69,31041,432,180.7
1910,35.362,117.69,31040,432,180.7
1911,35.36,117.69,31040,432,180.7
1912,35.358,117.69,31040,432,180.7
1913,35.356,117.69,31040,432,180.7
1914,35.354,117.69,31040,432,180.7
1915,35.351,117.69,31040,432,180.7
1916,35.349,117.69,31039,432,180.35
1917,35.347,117.69,31039,432,180.35
1918,35.345,117.69,31038,432,180.7
1919,35.343,117.69,31038,432,180.7
1920,35.341,117.69,31038,432,180.7
1921,35.338,117.69,31038,432,180.7
1922,35.336,117.69,31038,432,180.7
1923,35.334,117.69,31037,432,180.7
1924,35.332,117.69,31037,432,180.7
1925,35.33,117.69,31036,432,180.7
1926,35.328,117.69,31037,432,180.7
1927,35.325,117.69,31036,432,180.7
1928,35.323,117.69,31037,432,180.7
1929,35.321,117.69,31037,432,180.7
1930,35.319,117.69,31037,432,180.7
1931,35.317,117.69,31036,432,180.35
1932,35.315,117.69,31035,432,180.35
1933,35.312,117.7,31036,432,180.35
1934,35.31,117.7,31036,432,180.35
1935,35.308,117.7,31035,432,180.35
1936,35.306,117.7,31035,432,180.35
1937,35.304,117.7,31036,432,180.35
1938,35.301,117.7,31034,432,180.35
1939,35.299,117.7,31035,432,180.35
1940,35.297,117.7,31036,432,180.35
1941,35.295,117.7,31036,432,180.35
1942,35.293,117.7,31036,432,180.35
1943,35.291,117.7,31034,432,180.35
1944,35.288,117.7,31036,432,180.35
1945,35.286,117.7,31034,432,180.35
1946,35.284,117.7,31035,432,180.35
1947,35.282,117.7,31035,432,180.35
1948,35.28,117.7,31034,432,180.35
1949,35.278,117.7,31035,432,180.35
1950,35.275,117.7,31034,432,180.35
1951,35.273,117.7,31034,432,180.35
1952,35.271,117.7,31034,432,180.35
1953,35.269,117.7,31034,432,180.35
1954,35.267,117.7,31034,432,180.35
1955,35.265,117.7,31035,432,180.35
1956,35.262,117.7,31035,432,180.35
1957,35.26,117.71,31035,432,180.35
1958,35.258,117.71,31036,432,180.35
1959,35.256,117.71,31036,432,180.35
1960,35.254,117.71,31037,432,180.35
1961,35.251,117.71,31037,433,180.35
1962,35.249,117.71,31037,433,180.35
1963,35.247,117.71,31038,432,180.35
1964,35.245,117.71,31038,432,180.35
1965,35.243,117.71,31039,432,180.7
1966,35.241,117.71,31039,432,180.7
1967,35.238,117.71,31039,433,180.7
1968,35.236,117.71,31039,433,180.7
1969,35.234,117.71,31040,433,180.7
1970,35.232,117.71,31040,433,180.7
1971,35.23,117.71,31041,433,180.7
1972,35.228,117.71,31040,433,180.7
1973,35.225,117.71,31039,433,180.7
1974,35.223,117.71,31040,433,180.7
1975,35.221,117.71,31039,433,180.7
1976,35.219,117.71,31040,433,180.35
1977,35.217,117.71,31040,433,180.35
1978,35.215,117.71,31040,433,180.35
1979,35.212,117.71,31041,433,180.35
1980,35.21,117.71,31040,433,180.35
1981,35.208,117.72,31039,433,180.35
1982,35.206,117.72,31039,433,180.35
1983,35.204,117.72,31039,433,180.35
1984,35.201,117.72,31039,433,180.35
1985,35.199,117.72,31038,432,180.35
1986,35.197,117.72,31038,433,180.35
1987,35.195,117.72,31037,433,180.35
1988,35.193,117.72,31037,432,180.35
1989,35.191,117.72,31036,432,180.35
1990,35.188,117.72,31036,432,180.35
1991,35.186,117.72,31036,432,180.35
1992,35.184,117.72,31036,432,180.35
1993,35.182,117.72,31036,432,180.35
1994,35.18,117.72,31036,432,180.35
1995,35.177,117.72,31036,432,180.35
1996,35.175,117.72,31035,432,180.35
1997,35.173,117.72,31036,432,180.35
1998,35.171,117.72,31035,433,180.35
1999,35.169,117.72,31036,433,180.35
2000,35.167,117.72,31035,433,180.35
