1.0,39.124,117.35,0.0,159.0,159.96
2.0,39.124,117.35,6.0,161.0,159.61
3.0,39.123000000000005,117.35,14.0,163.0,159.61
4.0,39.122,117.35,27.0,162.0,159.61
5.0,39.122,117.35,46.0,163.0,159.26
6.0,39.121,117.35,72.0,163.0,159.26
7.0,39.12,117.35,103.0,164.0,159.26
8.0,39.12,117.35,135.0,164.0,159.26
9.0,39.119,117.35,170.0,166.0,159.61
10.0,39.118,117.35,203.0,166.0,159.96
11.0,39.118,117.35,241.0,168.0,159.96
12.0,39.117,117.35,279.0,169.0,160.31
13.0,39.116,117.35,319.0,169.0,159.96
14.0,39.116,117.35,361.0,168.0,159.96
15.0,39.115,117.35,406.0,169.0,159.96
16.0,39.114000000000004,117.35,451.0,168.0,159.96
17.0,39.114000000000004,117.35,495.0,168.0,159.61
18.0,39.113,117.35,538.0,169.0,159.61
19.0,39.111999999999995,117.35,582.0,168.0,159.61
20.0,39.111999999999995,117.35,626.0,169.0,159.26
21.0,39.111,117.35,668.0,170.0,159.26
22.0,39.11,117.35,712.0,169.0,159.26
23.0,39.11,117.36,753.0,169.0,158.91
24.0,39.109,117.36,795.0,171.0,158.91
25.0,39.108000000000004,117.36,840.0,171.0,158.91
26.0,39.108000000000004,117.36,883.0,173.0,159.26
27.0,39.107,117.36,926.0,171.0,159.26
28.0,39.106,117.36,976.0,172.0,159.26
29.0,39.105,117.36,1025.0,173.0,159.26
30.0,39.105,117.36,1073.0,175.0,159.26
31.0,39.104,117.36,1120.0,175.0,159.26
32.0,39.103,117.36,1168.0,176.0,159.26
33.0,39.103,117.36,1213.0,176.0,159.26
34.0,39.102,117.36,1255.0,176.0,159.26
35.0,39.101,117.36,1298.0,178.0,159.26
36.0,39.101,117.36,1336.0,178.0,159.61
37.0,39.1,117.36,1370.0,179.0,159.96
38.0,39.099000000000004,117.36,1401.0,180.0,160.31
39.0,39.098,117.36,1426.0,182.0,160.31
40.0,39.098,117.36,1448.0,184.0,160.66
41.0,39.097,117.36,1467.0,186.0,161.02
42.0,39.096,117.36,1486.0,188.0,161.37
43.0,39.095,117.36,1503.0,191.0,162.07
44.0,39.095,117.36,1518.0,192.0,162.42
45.0,39.094,117.36,1538.0,193.0,163.48
46.0,39.093,117.37,1556.0,195.0,164.88
47.0,39.092,117.37,1579.0,197.0,166.29
48.0,39.091,117.37,1605.0,198.0,167.7
49.0,39.091,117.37,1631.0,198.0,169.1
50.0,39.09,117.37,1657.0,199.0,170.51
51.0,39.089,117.37,1686.0,198.0,171.91
52.0,39.088,117.37,1715.0,200.0,172.97
53.0,39.086999999999996,117.37,1742.0,201.0,174.73
54.0,39.086,117.37,1770.0,204.0,176.13
55.0,39.085,117.37,1797.0,205.0,177.54
56.0,39.084,117.37,1823.0,206.0,178.95
57.0,39.083,117.37,1849.0,207.0,180.7
58.0,39.082,117.37,1878.0,209.0,182.11
59.0,39.082,117.37,1907.0,209.0,183.87
60.0,39.080999999999996,117.37,1935.0,210.0,185.63
61.0,39.08,117.37,1967.0,210.0,186.68
62.0,39.079,117.37,1998.0,211.0,187.38
63.0,39.078,117.37,2028.0,212.0,187.73
64.0,39.077,117.37,2060.0,213.0,187.73
65.0,39.076,117.37,2088.0,213.0,187.38
66.0,39.075,117.37,2114.0,217.0,187.03
67.0,39.074,117.37,2139.0,216.0,187.03
68.0,39.073,117.37,2167.0,218.0,187.38
69.0,39.071999999999996,117.37,2195.0,219.0,187.03
70.0,39.071,117.37,2224.0,221.0,187.03
71.0,39.07,117.37,2260.0,222.0,187.03
72.0,39.069,117.37,2293.0,223.0,187.03
73.0,39.068000000000005,117.37,2329.0,223.0,187.38
74.0,39.067,117.37,2366.0,224.0,187.38
75.0,39.066,117.37,2404.0,223.0,187.38
76.0,39.065,117.37,2438.0,224.0,187.38
77.0,39.064,117.37,2476.0,225.0,187.38
78.0,39.063,117.37,2512.0,226.0,187.03
79.0,39.062,117.37,2548.0,227.0,187.03
80.0,39.061,117.37,2585.0,227.0,187.03
81.0,39.06,117.37,2620.0,229.0,187.03
82.0,39.059,117.37,2651.0,229.0,187.03
83.0,39.058,117.37,2679.0,230.0,187.38
84.0,39.056999999999995,117.37,2706.0,232.0,187.38
85.0,39.055,117.37,2731.0,236.0,187.73
86.0,39.054,117.37,2754.0,238.0,187.73
87.0,39.053000000000004,117.37,2778.0,239.0,187.73
88.0,39.052,117.37,2799.0,240.0,188.09
89.0,39.051,117.37,2821.0,241.0,188.09
90.0,39.05,117.37,2843.0,243.0,188.09
91.0,39.049,117.37,2863.0,244.0,188.44
92.0,39.048,117.37,2881.0,246.0,188.44
93.0,39.046,117.37,2900.0,248.0,188.44
94.0,39.045,117.37,2924.0,248.0,188.44
95.0,39.044000000000004,117.37,2941.0,250.0,188.44
96.0,39.043,117.37,2966.0,252.0,188.79
97.0,39.042,117.37,2993.0,255.0,188.79
98.0,39.041,117.37,3024.0,255.0,188.79
99.0,39.039,117.37,3055.0,256.0,188.79
100.0,39.038000000000004,117.36,3094.0,256.0,188.79
101.0,39.037,117.36,3133.0,258.0,188.79
102.0,39.036,117.36,3175.0,256.0,189.14
103.0,39.035,117.36,3220.0,258.0,189.14
104.0,39.033,117.36,3263.0,258.0,189.14
105.0,39.032,117.36,3308.0,258.0,189.14
106.0,39.031,117.36,3351.0,257.0,189.14
107.0,39.03,117.36,3398.0,260.0,189.14
108.0,39.028,117.36,3443.0,261.0,189.14
109.0,39.027,117.36,3489.0,261.0,189.14
110.0,39.025999999999996,117.36,3541.0,260.0,189.14
111.0,39.025,117.36,3591.0,259.0,189.49
112.0,39.023,117.36,3641.0,259.0,189.49
113.0,39.022,117.36,3693.0,259.0,189.49
114.0,39.021,117.36,3743.0,259.0,189.49
115.0,39.02,117.36,3790.0,259.0,189.49
116.0,39.018,117.36,3839.0,260.0,189.49
117.0,39.016999999999996,117.36,3885.0,260.0,189.49
118.0,39.016,117.36,3930.0,259.0,189.49
119.0,39.015,117.36,3975.0,260.0,189.49
120.0,39.013000000000005,117.36,4022.0,260.0,189.49
121.0,39.012,117.36,4064.0,260.0,189.49
122.0,39.010999999999996,117.36,4107.0,261.0,189.49
123.0,39.01,117.36,4153.0,261.0,189.49
124.0,39.008,117.36,4197.0,262.0,189.49
125.0,39.007,117.36,4240.0,262.0,189.49
126.0,39.006,117.36,4287.0,262.0,189.49
127.0,39.004,117.36,4331.0,262.0,189.49
128.0,39.003,117.36,4377.0,262.0,189.84
129.0,39.001999999999995,117.36,4423.0,263.0,189.84
130.0,39.001,117.36,4466.0,262.0,189.84
131.0,38.999,117.36,4509.0,261.0,189.84
132.0,38.998000000000005,117.36,4552.0,261.0,189.84
133.0,38.997,117.36,4597.0,261.0,190.2
134.0,38.995,117.36,4637.0,261.0,190.2
135.0,38.994,117.36,4677.0,262.0,190.55
136.0,38.993,117.36,4719.0,263.0,190.55
137.0,38.992,117.36,4757.0,263.0,190.55
138.0,38.99,117.36,4795.0,265.0,190.9
139.0,38.989000000000004,117.36,4836.0,265.0,190.9
140.0,38.988,117.36,4875.0,266.0,191.25
141.0,38.986,117.36,4915.0,267.0,191.25
142.0,38.985,117.36,4959.0,267.0,191.25
143.0,38.983000000000004,117.36,5001.0,267.0,191.6
144.0,38.982,117.36,5044.0,267.0,191.6
145.0,38.981,117.36,5089.0,267.0,191.6
146.0,38.979,117.36,5136.0,267.0,191.95
147.0,38.978,117.36,5179.0,267.0,191.95
148.0,38.977,117.36,5224.0,267.0,192.3
149.0,38.975,117.36,5269.0,268.0,192.3
150.0,38.974000000000004,117.36,5311.0,269.0,192.3
151.0,38.972,117.36,5353.0,269.0,192.66
152.0,38.971,117.36,5397.0,270.0,192.66
153.0,38.97,117.36,5438.0,270.0,193.01
154.0,38.968,117.36,5480.0,272.0,193.01
155.0,38.967,117.36,5525.0,272.0,193.36
156.0,38.966,117.36,5570.0,273.0,193.36
157.0,38.964,117.36,5616.0,275.0,193.36
158.0,38.963,117.36,5665.0,276.0,193.36
159.0,38.961,117.36,5718.0,277.0,193.36
160.0,38.96,117.36,5772.0,278.0,193.71
161.0,38.959,117.36,5826.0,281.0,193.71
162.0,38.957,117.36,5889.0,281.0,193.71
163.0,38.955999999999996,117.36,5949.0,283.0,193.36
164.0,38.954,117.36,6012.0,286.0,193.71
165.0,38.953,117.36,6084.0,287.0,193.71
166.0,38.952,117.36,6153.0,289.0,193.36
167.0,38.95,117.36,6226.0,288.0,193.71
168.0,38.949,117.36,6310.0,287.0,193.71
169.0,38.946999999999996,117.36,6387.0,289.0,194.06
170.0,38.946,117.36,6472.0,287.0,194.06
171.0,38.945,117.36,6552.0,286.0,194.41
172.0,38.943000000000005,117.36,6640.0,285.0,194.41
173.0,38.942,117.36,6720.0,285.0,194.77
174.0,38.941,117.36,6801.0,284.0,194.41
175.0,38.939,117.36,6882.0,284.0,194.77
176.0,38.938,117.36,6957.0,284.0,195.12
177.0,38.937,117.36,7028.0,285.0,195.12
178.0,38.935,117.36,7099.0,283.0,195.12
179.0,38.934,117.36,7166.0,284.0,195.47
180.0,38.931999999999995,117.36,7232.0,283.0,195.82
181.0,38.931,117.36,7302.0,283.0,196.17
182.0,38.93,117.36,7367.0,284.0,196.17
183.0,38.928000000000004,117.36,7434.0,284.0,196.52
184.0,38.927,117.36,7501.0,283.0,196.52
185.0,38.926,117.36,7573.0,283.0,196.88
186.0,38.924,117.36,7641.0,281.0,196.88
187.0,38.923,117.36,7708.0,282.0,196.88
188.0,38.922,117.36,7779.0,281.0,197.23
189.0,38.92,117.36,7844.0,281.0,197.23
190.0,38.919000000000004,117.36,7909.0,283.0,197.23
191.0,38.918,117.36,7975.0,284.0,197.23
192.0,38.916,117.36,8037.0,283.0,197.23
193.0,38.915,117.36,8099.0,281.0,197.23
194.0,38.914,117.36,8167.0,280.0,197.58
195.0,38.912,117.36,8229.0,279.0,197.58
196.0,38.911,117.36,8290.0,278.0,197.58
197.0,38.91,117.36,8349.0,278.0,197.58
198.0,38.909,117.36,8408.0,278.0,197.93
199.0,38.907,117.36,8461.0,278.0,197.93
200.0,38.906,117.36,8511.0,278.0,197.93
201.0,38.905,117.36,8563.0,279.0,197.93
202.0,38.903,117.36,8610.0,279.0,197.93
203.0,38.902,117.36,8657.0,279.0,197.93
204.0,38.900999999999996,117.35,8707.0,280.0,197.58
205.0,38.899,117.35,8755.0,281.0,197.58
206.0,38.898,117.35,8802.0,281.0,197.58
207.0,38.897,117.35,8855.0,281.0,197.58
208.0,38.895,117.35,8906.0,281.0,197.58
209.0,38.894,117.35,8957.0,280.0,197.58
210.0,38.893,117.35,9009.0,281.0,197.58
211.0,38.891,117.35,9064.0,281.0,197.58
212.0,38.89,117.35,9114.0,280.0,197.58
213.0,38.888000000000005,117.35,9165.0,280.0,197.58
214.0,38.887,117.35,9217.0,281.0,197.58
215.0,38.885999999999996,117.35,9266.0,281.0,197.58
216.0,38.884,117.35,9314.0,280.0,197.58
217.0,38.883,117.35,9362.0,280.0,197.58
218.0,38.882,117.35,9410.0,281.0,197.23
219.0,38.88,117.35,9455.0,280.0,197.23
220.0,38.879,117.35,9501.0,279.0,197.23
221.0,38.878,117.35,9545.0,280.0,197.58
222.0,38.876,117.35,9586.0,281.0,197.58
223.0,38.875,117.35,9630.0,281.0,197.58
224.0,38.874,117.35,9670.0,281.0,197.58
225.0,38.872,117.35,9708.0,281.0,197.23
226.0,38.871,117.35,9747.0,280.0,197.23
227.0,38.869,117.35,9786.0,280.0,197.23
228.0,38.868,117.35,9823.0,280.0,197.23
229.0,38.867,117.35,9859.0,280.0,197.23
230.0,38.865,117.35,9895.0,281.0,197.23
231.0,38.864000000000004,117.35,9929.0,281.0,197.23
232.0,38.861999999999995,117.35,9961.0,282.0,197.23
233.0,38.861,117.35,9994.0,283.0,197.23
234.0,38.86,117.35,10023.0,283.0,196.88
235.0,38.858000000000004,117.35,10053.0,284.0,196.88
236.0,38.857,117.35,10082.0,284.0,196.88
237.0,38.855,117.35,10109.0,285.0,196.88
238.0,38.854,117.35,10135.0,286.0,196.88
239.0,38.853,117.35,10158.0,287.0,196.52
240.0,38.851,117.35,10181.0,288.0,196.52
241.0,38.85,117.35,10201.0,289.0,196.52
242.0,38.848,117.35,10219.0,290.0,196.52
243.0,38.847,117.35,10237.0,292.0,196.52
244.0,38.845,117.35,10253.0,293.0,196.17
245.0,38.844,117.35,10268.0,294.0,196.17
246.0,38.842,117.35,10285.0,296.0,196.17
247.0,38.841,117.35,10301.0,297.0,196.17
248.0,38.839,117.35,10316.0,299.0,196.17
249.0,38.838,117.35,10333.0,300.0,195.82
250.0,38.836,117.35,10350.0,301.0,195.82
251.0,38.835,117.35,10367.0,303.0,195.82
252.0,38.833,117.35,10384.0,304.0,195.82
253.0,38.832,117.35,10402.0,306.0,195.82
254.0,38.83,117.35,10420.0,307.0,195.82
255.0,38.829,117.35,10437.0,309.0,195.82
256.0,38.827,117.35,10457.0,311.0,195.82
257.0,38.825,117.35,10474.0,312.0,195.82
258.0,38.824,117.35,10492.0,314.0,195.82
259.0,38.821999999999996,117.35,10511.0,315.0,195.82
260.0,38.821,117.35,10528.0,317.0,195.82
261.0,38.819,117.35,10544.0,319.0,195.82
262.0,38.818000000000005,117.35,10562.0,320.0,195.47
263.0,38.816,117.35,10579.0,322.0,195.82
264.0,38.814,117.35,10595.0,323.0,195.47
265.0,38.813,117.35,10612.0,325.0,195.47
266.0,38.811,117.35,10629.0,327.0,195.47
267.0,38.809,117.35,10645.0,329.0,195.82
268.0,38.808,117.35,10661.0,331.0,195.82
269.0,38.806,117.35,10678.0,332.0,195.82
270.0,38.804,117.35,10693.0,334.0,195.82
271.0,38.803000000000004,117.35,10709.0,335.0,195.47
272.0,38.801,117.35,10727.0,337.0,195.47
273.0,38.799,117.35,10743.0,339.0,195.47
274.0,38.798,117.35,10760.0,340.0,195.47
275.0,38.796,117.35,10781.0,341.0,195.47
276.0,38.794000000000004,117.35,10805.0,342.0,195.47
277.0,38.793,117.35,10832.0,343.0,195.47
278.0,38.791,117.35,10863.0,344.0,195.47
279.0,38.789,117.35,10902.0,344.0,195.47
280.0,38.788000000000004,117.35,10941.0,344.0,195.47
281.0,38.786,117.35,10982.0,345.0,195.47
282.0,38.784,117.35,11027.0,346.0,195.47
283.0,38.783,117.35,11069.0,347.0,195.47
284.0,38.781,117.35,11109.0,347.0,195.47
285.0,38.779,117.35,11153.0,347.0,195.12
286.0,38.777,117.35,11194.0,348.0,195.12
287.0,38.775999999999996,117.35,11235.0,348.0,195.12
288.0,38.774,117.35,11276.0,348.0,195.12
289.0,38.772,117.35,11316.0,348.0,195.12
290.0,38.77,117.35,11354.0,348.0,195.12
291.0,38.769,117.35,11392.0,348.0,195.12
292.0,38.766999999999996,117.35,11432.0,348.0,195.12
293.0,38.765,117.34,11469.0,349.0,195.12
294.0,38.764,117.34,11503.0,349.0,195.12
295.0,38.762,117.34,11539.0,350.0,195.12
296.0,38.76,117.34,11572.0,350.0,195.12
297.0,38.758,117.34,11606.0,351.0,195.12
298.0,38.757,117.34,11640.0,351.0,195.12
299.0,38.755,117.34,11673.0,352.0,195.12
300.0,38.753,117.34,11707.0,353.0,195.12
301.0,38.751,117.34,11744.0,353.0,195.12
302.0,38.75,117.34,11779.0,354.0,195.12
303.0,38.748000000000005,117.34,11816.0,355.0,195.12
304.0,38.746,117.34,11854.0,355.0,195.12
305.0,38.744,117.34,11897.0,356.0,195.12
306.0,38.743,117.34,11937.0,356.0,195.12
307.0,38.741,117.34,11979.0,357.0,195.12
308.0,38.739000000000004,117.34,12026.0,358.0,195.47
309.0,38.736999999999995,117.34,12069.0,358.0,195.47
310.0,38.735,117.34,12113.0,358.0,195.47
311.0,38.734,117.34,12160.0,358.0,195.47
312.0,38.732,117.34,12203.0,358.0,195.47
313.0,38.73,117.34,12247.0,359.0,195.12
314.0,38.728,117.34,12290.0,359.0,195.12
315.0,38.726,117.34,12331.0,360.0,195.12
316.0,38.725,117.34,12372.0,361.0,195.12
317.0,38.723,117.34,12412.0,361.0,195.47
318.0,38.721,117.34,12455.0,362.0,195.47
319.0,38.719,117.34,12496.0,362.0,195.47
320.0,38.717,117.34,12538.0,363.0,195.47
321.0,38.716,117.34,12583.0,364.0,195.47
322.0,38.714,117.34,12629.0,364.0,195.47
323.0,38.711999999999996,117.34,12676.0,365.0,195.47
324.0,38.71,117.34,12726.0,365.0,195.47
325.0,38.708,117.34,12776.0,365.0,195.47
326.0,38.707,117.34,12826.0,365.0,195.12
327.0,38.705,117.34,12880.0,366.0,195.12
328.0,38.703,117.34,12932.0,365.0,195.12
329.0,38.701,117.34,12982.0,365.0,195.12
330.0,38.699,117.34,13032.0,365.0,195.12
331.0,38.696999999999996,117.34,13086.0,365.0,195.12
332.0,38.696,117.34,13134.0,365.0,195.12
333.0,38.694,117.34,13181.0,366.0,195.12
334.0,38.692,117.34,13230.0,366.0,195.12
335.0,38.69,117.34,13275.0,367.0,195.12
336.0,38.688,117.34,13321.0,368.0,195.12
337.0,38.686,117.34,13369.0,368.0,195.12
338.0,38.685,117.34,13416.0,368.0,195.47
339.0,38.683,117.34,13465.0,369.0,195.47
340.0,38.681,117.34,13517.0,369.0,195.47
341.0,38.679,117.34,13567.0,370.0,195.47
342.0,38.677,117.34,13618.0,370.0,195.47
343.0,38.676,117.34,13670.0,370.0,195.47
344.0,38.674,117.34,13725.0,370.0,195.47
345.0,38.672,117.34,13779.0,371.0,195.47
346.0,38.67,117.34,13834.0,371.0,195.47
347.0,38.668,117.34,13891.0,371.0,195.47
348.0,38.666,117.34,13945.0,371.0,195.47
349.0,38.664,117.34,14000.0,372.0,195.47
350.0,38.663000000000004,117.34,14057.0,372.0,195.47
351.0,38.661,117.34,14112.0,373.0,195.47
352.0,38.659,117.34,14166.0,374.0,195.47
353.0,38.657,117.34,14223.0,373.0,195.47
354.0,38.655,117.34,14279.0,373.0,195.82
355.0,38.653,117.34,14335.0,372.0,195.82
356.0,38.650999999999996,117.34,14390.0,372.0,195.82
357.0,38.65,117.34,14450.0,372.0,195.82
358.0,38.648,117.34,14504.0,372.0,195.82
359.0,38.646,117.34,14558.0,372.0,195.82
360.0,38.644,117.34,14614.0,372.0,195.82
361.0,38.641999999999996,117.34,14664.0,371.0,195.82
362.0,38.64,117.34,14713.0,371.0,195.82
363.0,38.639,117.34,14762.0,371.0,195.82
364.0,38.637,117.34,14808.0,371.0,195.82
365.0,38.635,117.34,14852.0,372.0,195.82
366.0,38.633,117.34,14898.0,372.0,195.82
367.0,38.631,117.34,14941.0,372.0,195.82
368.0,38.629,117.34,14985.0,373.0,195.82
369.0,38.626999999999995,117.34,15029.0,373.0,195.82
370.0,38.626,117.34,15076.0,374.0,195.82
371.0,38.624,117.34,15123.0,374.0,195.82
372.0,38.622,117.34,15171.0,375.0,195.82
373.0,38.62,117.34,15223.0,375.0,195.82
374.0,38.618,117.34,15274.0,375.0,195.82
375.0,38.616,117.34,15327.0,376.0,195.82
376.0,38.614000000000004,117.33,15383.0,376.0,195.82
377.0,38.611999999999995,117.33,15437.0,377.0,195.82
378.0,38.611,117.33,15490.0,377.0,195.82
379.0,38.609,117.33,15548.0,377.0,196.17
380.0,38.607,117.33,15603.0,377.0,196.17
381.0,38.605,117.33,15656.0,377.0,196.17
382.0,38.603,117.33,15709.0,377.0,196.17
383.0,38.601,117.33,15765.0,378.0,196.17
384.0,38.599000000000004,117.33,15816.0,378.0,196.17
385.0,38.597,117.33,15867.0,378.0,196.17
386.0,38.595,117.33,15919.0,379.0,196.17
387.0,38.594,117.33,15967.0,379.0,196.17
388.0,38.592,117.33,16013.0,379.0,196.17
389.0,38.59,117.33,16062.0,380.0,196.17
390.0,38.588,117.33,16106.0,380.0,196.17
391.0,38.586,117.33,16150.0,380.0,196.17
392.0,38.584,117.33,16191.0,381.0,196.17
393.0,38.582,117.33,16230.0,381.0,196.17
394.0,38.58,117.33,16265.0,381.0,196.17
395.0,38.578,117.33,16299.0,381.0,196.52
396.0,38.577,117.33,16333.0,381.0,196.52
397.0,38.575,117.33,16363.0,381.0,196.52
398.0,38.573,117.33,16392.0,381.0,196.52
399.0,38.571,117.33,16420.0,381.0,196.52
400.0,38.569,117.33,16444.0,381.0,196.52
401.0,38.567,117.33,16468.0,382.0,196.52
402.0,38.565,117.33,16490.0,382.0,196.52
403.0,38.563,117.33,16509.0,382.0,196.52
404.0,38.561,117.33,16527.0,382.0,196.52
405.0,38.559,117.33,16545.0,383.0,196.52
406.0,38.556999999999995,117.33,16560.0,383.0,196.52
407.0,38.556,117.33,16574.0,383.0,196.52
408.0,38.554,117.33,16586.0,383.0,196.52
409.0,38.552,117.33,16598.0,384.0,196.52
410.0,38.55,117.33,16607.0,384.0,196.52
411.0,38.548,117.33,16616.0,384.0,196.52
412.0,38.546,117.33,16623.0,384.0,196.52
413.0,38.544000000000004,117.33,16628.0,384.0,196.52
414.0,38.542,117.33,16632.0,384.0,196.52
415.0,38.54,117.33,16634.0,384.0,196.52
416.0,38.538000000000004,117.33,16635.0,384.0,196.52
417.0,38.536,117.33,16636.0,384.0,196.52
418.0,38.534,117.33,16637.0,384.0,196.52
419.0,38.533,117.33,16637.0,384.0,196.52
420.0,38.531,117.33,16637.0,385.0,196.52
421.0,38.529,117.33,16638.0,385.0,196.52
422.0,38.527,117.33,16637.0,385.0,196.52
423.0,38.525,117.33,16638.0,385.0,196.52
424.0,38.523,117.33,16638.0,385.0,196.52
425.0,38.521,117.33,16638.0,385.0,196.52
426.0,38.519,117.33,16638.0,384.0,196.52
427.0,38.516999999999996,117.33,16636.0,384.0,196.52
428.0,38.515,117.33,16636.0,384.0,196.52
429.0,38.513000000000005,117.33,16635.0,384.0,196.52
430.0,38.510999999999996,117.33,16635.0,384.0,196.52
431.0,38.51,117.33,16637.0,384.0,196.52
432.0,38.508,117.33,16638.0,384.0,196.52
433.0,38.506,117.33,16642.0,384.0,196.52
434.0,38.504,117.33,16647.0,384.0,196.52
435.0,38.501999999999995,117.33,16656.0,384.0,196.52
436.0,38.5,117.33,16665.0,384.0,196.52
437.0,38.498000000000005,117.33,16674.0,384.0,196.52
438.0,38.496,117.33,16686.0,384.0,196.52
439.0,38.494,117.33,16697.0,384.0,196.52
440.0,38.492,117.33,16710.0,384.0,196.52
441.0,38.49,117.33,16726.0,384.0,196.52
442.0,38.488,117.33,16742.0,384.0,196.52
443.0,38.486,117.33,16760.0,385.0,196.52
444.0,38.484,117.33,16782.0,385.0,196.52
445.0,38.483000000000004,117.33,16805.0,385.0,196.52
446.0,38.481,117.33,16830.0,385.0,196.52
447.0,38.479,117.33,16857.0,385.0,196.52
448.0,38.477,117.33,16887.0,385.0,196.52
449.0,38.475,117.33,16918.0,385.0,196.52
450.0,38.473,117.33,16950.0,385.0,196.52
451.0,38.471,117.33,16986.0,385.0,196.52
452.0,38.469,117.33,17023.0,386.0,196.52
453.0,38.467,117.32,17061.0,386.0,196.52
454.0,38.465,117.32,17104.0,386.0,196.52
455.0,38.463,117.32,17146.0,387.0,196.52
456.0,38.461999999999996,117.32,17192.0,387.0,196.52
457.0,38.46,117.32,17243.0,387.0,196.52
458.0,38.458,117.32,17292.0,388.0,196.52
459.0,38.455999999999996,117.32,17345.0,388.0,196.52
460.0,38.454,117.32,17399.0,387.0,196.52
461.0,38.452,117.32,17457.0,387.0,196.52
462.0,38.45,117.32,17515.0,387.0,196.52
463.0,38.448,117.32,17571.0,388.0,196.52
464.0,38.446,117.32,17631.0,388.0,196.52
465.0,38.444,117.32,17687.0,388.0,196.17
466.0,38.443000000000005,117.32,17743.0,388.0,196.17
467.0,38.441,117.32,17802.0,389.0,195.82
468.0,38.439,117.32,17855.0,389.0,195.82
469.0,38.437,117.32,17908.0,389.0,195.82
470.0,38.435,117.32,17964.0,390.0,195.82
471.0,38.433,117.32,18014.0,390.0,195.82
472.0,38.431,117.32,18066.0,390.0,195.47
473.0,38.429,117.32,18115.0,390.0,195.47
474.0,38.427,117.32,18169.0,390.0,195.47
475.0,38.425,117.32,18218.0,390.0,195.47
476.0,38.423,117.32,18267.0,390.0,195.47
477.0,38.421,117.32,18320.0,390.0,195.47
478.0,38.42,117.32,18370.0,391.0,195.47
479.0,38.418,117.32,18419.0,391.0,195.47
480.0,38.416,117.32,18471.0,391.0,195.47
481.0,38.414,117.32,18521.0,391.0,195.47
482.0,38.412,117.32,18571.0,392.0,195.47
483.0,38.41,117.32,18625.0,392.0,195.47
484.0,38.408,117.32,18675.0,392.0,195.47
485.0,38.406,117.32,18725.0,392.0,195.47
486.0,38.404,117.32,18778.0,392.0,195.47
487.0,38.402,117.32,18829.0,393.0,195.47
488.0,38.4,117.32,18878.0,392.0,195.47
489.0,38.398,117.32,18928.0,393.0,195.47
490.0,38.397,117.32,18980.0,393.0,195.47
491.0,38.395,117.32,19030.0,393.0,195.47
492.0,38.393,117.32,19078.0,393.0,195.47
493.0,38.391,117.32,19129.0,393.0,195.47
494.0,38.389,117.32,19176.0,393.0,195.47
495.0,38.387,117.32,19224.0,393.0,195.47
496.0,38.385,117.32,19272.0,393.0,195.47
497.0,38.383,117.32,19318.0,392.0,195.47
498.0,38.381,117.32,19363.0,392.0,195.47
499.0,38.379,117.32,19409.0,392.0,195.47
500.0,38.376999999999995,117.32,19451.0,392.0,195.47
501.0,38.375,117.32,19492.0,393.0,195.47
502.0,38.373000000000005,117.32,19533.0,393.0,195.47
503.0,38.372,117.32,19574.0,393.0,195.47
504.0,38.37,117.32,19613.0,393.0,195.47
505.0,38.368,117.32,19651.0,393.0,195.47
506.0,38.366,117.32,19692.0,393.0,195.47
507.0,38.364000000000004,117.32,19732.0,394.0,195.47
508.0,38.361999999999995,117.32,19770.0,394.0,195.47
509.0,38.36,117.32,19813.0,394.0,195.47
510.0,38.358000000000004,117.32,19854.0,394.0,195.47
511.0,38.356,117.32,19897.0,394.0,195.47
512.0,38.354,117.32,19943.0,394.0,195.47
513.0,38.352,117.32,19988.0,394.0,195.47
514.0,38.35,117.32,20037.0,395.0,195.47
515.0,38.348,117.32,20088.0,395.0,195.47
516.0,38.346,117.32,20144.0,394.0,195.47
517.0,38.344,117.32,20198.0,394.0,195.47
518.0,38.342,117.32,20255.0,394.0,195.47
519.0,38.34,117.32,20317.0,393.0,195.47
520.0,38.339,117.32,20377.0,393.0,195.47
521.0,38.336999999999996,117.32,20437.0,393.0,195.47
522.0,38.335,117.32,20504.0,392.0,195.82
523.0,38.333,117.32,20567.0,393.0,195.82
524.0,38.330999999999996,117.32,20632.0,393.0,195.82
525.0,38.329,117.32,20702.0,392.0,195.82
526.0,38.327,117.32,20767.0,391.0,195.82
527.0,38.325,117.32,20834.0,391.0,195.82
528.0,38.323,117.32,20903.0,391.0,195.82
529.0,38.321,117.31,20973.0,390.0,195.82
530.0,38.319,117.31,21041.0,389.0,195.82
531.0,38.317,117.31,21110.0,388.0,195.82
532.0,38.315,117.31,21184.0,388.0,195.82
533.0,38.313,117.31,21252.0,387.0,195.82
534.0,38.311,117.31,21320.0,386.0,195.82
535.0,38.309,117.31,21394.0,385.0,195.82
536.0,38.308,117.31,21462.0,385.0,195.82
537.0,38.306,117.31,21531.0,384.0,195.82
538.0,38.304,117.31,21604.0,383.0,195.82
539.0,38.302,117.31,21673.0,382.0,195.82
540.0,38.3,117.31,21740.0,382.0,195.82
541.0,38.298,117.31,21808.0,380.0,195.82
542.0,38.296,117.31,21880.0,379.0,195.82
543.0,38.294000000000004,117.31,21947.0,378.0,195.82
544.0,38.292,117.31,22015.0,377.0,196.17
545.0,38.291,117.31,22084.0,375.0,196.17
546.0,38.289,117.31,22150.0,374.0,196.17
547.0,38.287,117.31,22217.0,374.0,196.17
548.0,38.285,117.31,22286.0,373.0,196.17
549.0,38.283,117.31,22353.0,372.0,196.17
550.0,38.281,117.31,22417.0,370.0,196.17
551.0,38.279,117.31,22485.0,369.0,196.17
552.0,38.278,117.31,22546.0,368.0,196.17
553.0,38.275999999999996,117.31,22604.0,368.0,196.17
554.0,38.274,117.31,22655.0,369.0,196.52
555.0,38.272,117.31,22707.0,369.0,196.52
556.0,38.27,117.31,22750.0,370.0,196.52
557.0,38.268,117.31,22790.0,370.0,196.52
558.0,38.266,117.31,22829.0,371.0,196.52
559.0,38.264,117.31,22865.0,371.0,196.52
560.0,38.263000000000005,117.31,22901.0,372.0,196.52
561.0,38.260999999999996,117.31,22938.0,372.0,196.52
562.0,38.259,117.31,22976.0,372.0,196.52
563.0,38.257,117.31,23017.0,372.0,196.52
564.0,38.255,117.31,23061.0,372.0,196.52
565.0,38.253,117.31,23105.0,372.0,196.52
566.0,38.251,117.31,23153.0,372.0,196.52
567.0,38.249,117.31,23203.0,373.0,196.52
568.0,38.248000000000005,117.31,23255.0,373.0,196.52
569.0,38.246,117.31,23307.0,373.0,196.52
570.0,38.244,117.31,23359.0,373.0,196.52
571.0,38.242,117.31,23414.0,372.0,196.52
572.0,38.24,117.31,23466.0,371.0,196.52
573.0,38.238,117.31,23516.0,371.0,196.52
574.0,38.236,117.31,23567.0,372.0,196.52
575.0,38.234,117.31,23613.0,372.0,196.88
576.0,38.232,117.31,23657.0,372.0,196.88
577.0,38.231,117.31,23702.0,372.0,196.88
578.0,38.229,117.31,23743.0,372.0,196.88
579.0,38.227,117.31,23784.0,372.0,196.88
580.0,38.225,117.31,23826.0,372.0,196.88
581.0,38.223,117.31,23868.0,372.0,196.88
582.0,38.221,117.31,23908.0,372.0,196.88
583.0,38.219,117.31,23950.0,372.0,196.88
584.0,38.217,117.31,23993.0,372.0,196.88
585.0,38.216,117.31,24035.0,372.0,196.88
586.0,38.214,117.31,24077.0,372.0,196.88
587.0,38.211999999999996,117.31,24121.0,372.0,196.88
588.0,38.21,117.31,24162.0,372.0,196.88
589.0,38.208,117.31,24204.0,372.0,196.88
590.0,38.205999999999996,117.31,24248.0,373.0,196.88
591.0,38.204,117.31,24289.0,373.0,196.88
592.0,38.203,117.31,24330.0,373.0,197.23
593.0,38.201,117.31,24371.0,374.0,197.23
594.0,38.199,117.31,24413.0,374.0,197.23
595.0,38.196999999999996,117.31,24454.0,374.0,197.23
596.0,38.195,117.31,24495.0,375.0,197.23
597.0,38.193000000000005,117.31,24539.0,375.0,197.23
598.0,38.191,117.31,24579.0,375.0,197.23
599.0,38.189,117.31,24621.0,374.0,197.23
600.0,38.187,117.31,24665.0,374.0,197.23
601.0,38.185,117.31,24704.0,374.0,197.23
602.0,38.183,117.31,24745.0,374.0,197.23
603.0,38.181999999999995,117.31,24786.0,374.0,197.23
604.0,38.18,117.31,24825.0,374.0,197.23
605.0,38.178000000000004,117.31,24862.0,374.0,197.23
606.0,38.176,117.31,24899.0,374.0,197.58
607.0,38.174,117.31,24937.0,374.0,197.58
608.0,38.172,117.3,24973.0,374.0,197.58
609.0,38.17,117.3,25008.0,375.0,197.58
610.0,38.168,117.3,25045.0,374.0,197.58
611.0,38.167,117.3,25080.0,375.0,197.58
612.0,38.165,117.3,25115.0,376.0,197.58
613.0,38.163000000000004,117.3,25151.0,376.0,197.23
614.0,38.161,117.3,25187.0,376.0,197.23
615.0,38.159,117.3,25222.0,377.0,197.23
616.0,38.157,117.3,25262.0,377.0,197.23
617.0,38.155,117.3,25298.0,377.0,197.23
618.0,38.153,117.3,25335.0,377.0,197.23
619.0,38.150999999999996,117.3,25372.0,377.0,197.23
620.0,38.149,117.3,25410.0,377.0,197.23
621.0,38.147,117.3,25447.0,377.0,197.23
622.0,38.146,117.3,25483.0,378.0,197.23
623.0,38.144,117.3,25521.0,378.0,197.23
624.0,38.141999999999996,117.3,25555.0,378.0,196.88
625.0,38.14,117.3,25590.0,378.0,196.88
626.0,38.138000000000005,117.3,25627.0,378.0,196.88
627.0,38.135999999999996,117.3,25660.0,378.0,196.88
628.0,38.134,117.3,25694.0,378.0,196.88
629.0,38.132,117.3,25731.0,378.0,196.88
630.0,38.13,117.3,25765.0,379.0,196.88
631.0,38.128,117.3,25798.0,379.0,196.88
632.0,38.126999999999995,117.3,25831.0,379.0,196.88
633.0,38.125,117.3,25865.0,379.0,196.88
634.0,38.123000000000005,117.3,25897.0,379.0,196.88
635.0,38.121,117.3,25928.0,380.0,196.88
636.0,38.119,117.3,25961.0,380.0,196.88
637.0,38.117,117.3,25992.0,380.0,196.88
638.0,38.115,117.3,26022.0,380.0,196.88
639.0,38.113,117.3,26056.0,381.0,196.88
640.0,38.111,117.3,26088.0,381.0,196.52
641.0,38.109,117.3,26118.0,380.0,196.52
642.0,38.107,117.3,26152.0,380.0,196.52
643.0,38.105,117.3,26182.0,380.0,196.52
644.0,38.104,117.3,26214.0,380.0,196.52
645.0,38.102,117.3,26245.0,380.0,196.52
646.0,38.1,117.3,26276.0,381.0,196.52
647.0,38.098,117.3,26305.0,381.0,196.52
648.0,38.096,117.3,26334.0,381.0,196.52
649.0,38.094,117.3,26363.0,382.0,196.52
650.0,38.092,117.3,26391.0,382.0,196.52
651.0,38.09,117.3,26420.0,382.0,196.52
652.0,38.088,117.3,26450.0,383.0,196.17
653.0,38.086,117.3,26478.0,383.0,196.17
654.0,38.084,117.3,26508.0,383.0,196.17
655.0,38.082,117.3,26539.0,383.0,196.17
656.0,38.08,117.3,26568.0,383.0,196.17
657.0,38.078,117.3,26598.0,383.0,196.17
658.0,38.076,117.3,26626.0,384.0,196.17
659.0,38.074,117.3,26658.0,384.0,196.17
660.0,38.071999999999996,117.3,26687.0,384.0,196.17
661.0,38.07,117.3,26717.0,385.0,196.17
662.0,38.068000000000005,117.3,26747.0,385.0,196.17
663.0,38.066,117.3,26774.0,385.0,196.17
664.0,38.064,117.3,26802.0,386.0,196.17
665.0,38.062,117.3,26833.0,386.0,196.17
666.0,38.061,117.3,26862.0,387.0,196.17
667.0,38.059,117.3,26891.0,387.0,196.17
668.0,38.056999999999995,117.3,26921.0,387.0,196.17
669.0,38.055,117.3,26951.0,387.0,196.17
670.0,38.053000000000004,117.3,26981.0,388.0,196.17
671.0,38.051,117.3,27012.0,388.0,196.17
672.0,38.049,117.3,27044.0,388.0,196.17
673.0,38.047,117.3,27074.0,388.0,196.17
674.0,38.045,117.3,27105.0,389.0,196.17
675.0,38.043,117.3,27137.0,389.0,196.17
676.0,38.041,117.3,27167.0,389.0,196.17
677.0,38.039,117.3,27196.0,390.0,196.17
678.0,38.037,117.3,27227.0,390.0,196.17
679.0,38.035,117.3,27256.0,390.0,196.17
680.0,38.033,117.3,27286.0,390.0,196.17
681.0,38.031,117.3,27316.0,391.0,196.17
682.0,38.029,117.29,27345.0,391.0,196.17
683.0,38.027,117.29,27374.0,391.0,196.17
684.0,38.025,117.29,27403.0,391.0,196.17
685.0,38.023,117.29,27433.0,392.0,196.17
686.0,38.021,117.29,27462.0,392.0,196.17
687.0,38.019,117.29,27492.0,392.0,196.17
688.0,38.016999999999996,117.29,27523.0,392.0,196.17
689.0,38.015,117.29,27550.0,392.0,196.17
690.0,38.013000000000005,117.29,27580.0,393.0,196.17
691.0,38.010999999999996,117.29,27611.0,393.0,196.17
692.0,38.009,117.29,27640.0,393.0,196.17
693.0,38.007,117.29,27668.0,394.0,196.17
694.0,38.005,117.29,27699.0,394.0,196.17
695.0,38.003,117.29,27727.0,394.0,196.17
696.0,38.001,117.29,27757.0,395.0,196.17
697.0,37.999,117.29,27786.0,395.0,196.17
698.0,37.997,117.29,27817.0,395.0,196.17
699.0,37.995,117.29,27847.0,395.0,196.17
700.0,37.993,117.29,27877.0,396.0,196.17
701.0,37.991,117.29,27909.0,396.0,196.17
702.0,37.989000000000004,117.29,27939.0,396.0,196.17
703.0,37.986999999999995,117.29,27969.0,396.0,196.17
704.0,37.985,117.29,28001.0,396.0,196.17
705.0,37.983000000000004,117.29,28030.0,396.0,196.17
706.0,37.981,117.29,28060.0,396.0,196.17
707.0,37.979,117.29,28090.0,396.0,196.17
708.0,37.977,117.29,28119.0,397.0,196.17
709.0,37.975,117.29,28148.0,397.0,196.17
710.0,37.973,117.29,28176.0,397.0,196.17
711.0,37.971,117.29,28204.0,397.0,196.17
712.0,37.969,117.29,28234.0,398.0,196.17
713.0,37.967,117.29,28261.0,398.0,196.17
714.0,37.965,117.29,28291.0,398.0,196.17
715.0,37.963,117.29,28320.0,399.0,196.17
716.0,37.961,117.29,28347.0,399.0,196.17
717.0,37.958,117.29,28379.0,399.0,196.17
718.0,37.955999999999996,117.29,28409.0,399.0,196.17
719.0,37.954,117.29,28439.0,399.0,196.17
720.0,37.952,117.29,28470.0,399.0,196.17
721.0,37.95,117.29,28499.0,399.0,195.82
722.0,37.948,117.29,28527.0,399.0,195.82
723.0,37.946,117.29,28557.0,399.0,195.82
724.0,37.944,117.29,28587.0,399.0,195.82
725.0,37.942,117.29,28614.0,400.0,195.82
726.0,37.94,117.29,28641.0,400.0,195.82
727.0,37.938,117.29,28668.0,400.0,195.82
728.0,37.936,117.29,28696.0,401.0,195.82
729.0,37.934,117.29,28723.0,400.0,195.82
730.0,37.931999999999995,117.29,28752.0,401.0,195.82
731.0,37.93,117.29,28779.0,402.0,195.82
732.0,37.928000000000004,117.29,28806.0,402.0,195.82
733.0,37.926,117.29,28836.0,402.0,195.82
734.0,37.924,117.29,28865.0,402.0,195.82
735.0,37.922,117.29,28894.0,402.0,195.82
736.0,37.92,117.29,28925.0,402.0,195.82
737.0,37.918,117.29,28955.0,402.0,195.82
738.0,37.916,117.29,28985.0,403.0,195.82
739.0,37.914,117.29,29012.0,402.0,195.82
740.0,37.912,117.29,29043.0,403.0,195.82
741.0,37.91,117.29,29071.0,403.0,195.82
742.0,37.907,117.29,29098.0,403.0,195.82
743.0,37.905,117.29,29128.0,403.0,195.82
744.0,37.903,117.29,29155.0,404.0,195.82
745.0,37.900999999999996,117.29,29181.0,404.0,195.82
746.0,37.899,117.29,29210.0,404.0,195.82
747.0,37.897,117.29,29238.0,404.0,195.82
748.0,37.895,117.29,29264.0,404.0,195.82
749.0,37.893,117.29,29294.0,405.0,195.82
750.0,37.891,117.29,29321.0,405.0,195.82
751.0,37.889,117.29,29348.0,405.0,195.82
752.0,37.887,117.29,29376.0,405.0,195.82
753.0,37.885,117.29,29405.0,405.0,195.82
754.0,37.883,117.29,29433.0,405.0,195.82
755.0,37.881,117.28,29460.0,406.0,195.82
756.0,37.878,117.28,29490.0,406.0,196.17
757.0,37.876,117.28,29518.0,406.0,196.17
758.0,37.874,117.28,29546.0,406.0,196.17
759.0,37.872,117.28,29575.0,406.0,196.17
760.0,37.87,117.28,29603.0,406.0,196.17
761.0,37.868,117.28,29632.0,406.0,196.17
762.0,37.866,117.28,29661.0,407.0,196.17
763.0,37.864000000000004,117.28,29688.0,407.0,196.17
764.0,37.861999999999995,117.28,29715.0,407.0,196.17
765.0,37.86,117.28,29742.0,407.0,196.17
766.0,37.858000000000004,117.28,29769.0,407.0,196.17
767.0,37.856,117.28,29793.0,408.0,196.17
768.0,37.854,117.28,29818.0,408.0,196.17
769.0,37.852,117.28,29847.0,408.0,196.17
770.0,37.85,117.28,29873.0,408.0,196.17
771.0,37.848,117.28,29899.0,408.0,196.17
772.0,37.845,117.28,29927.0,408.0,196.17
773.0,37.843,117.28,29953.0,408.0,196.17
774.0,37.841,117.28,29979.0,407.0,196.17
775.0,37.839,117.28,30006.0,407.0,196.17
776.0,37.836999999999996,117.28,30034.0,407.0,196.17
777.0,37.835,117.28,30059.0,408.0,196.17
778.0,37.833,117.28,30084.0,408.0,196.17
779.0,37.830999999999996,117.28,30109.0,408.0,196.17
780.0,37.829,117.28,30132.0,408.0,196.17
781.0,37.827,117.28,30153.0,409.0,196.17
782.0,37.824,117.28,30174.0,409.0,196.17
783.0,37.821999999999996,117.28,30193.0,409.0,196.17
784.0,37.82,117.28,30211.0,410.0,196.17
785.0,37.818000000000005,117.28,30229.0,410.0,196.17
786.0,37.816,117.28,30245.0,410.0,196.17
787.0,37.814,117.28,30262.0,411.0,196.17
788.0,37.812,117.28,30279.0,411.0,196.17
789.0,37.81,117.28,30295.0,411.0,196.17
790.0,37.808,117.28,30311.0,411.0,196.17
791.0,37.806,117.28,30328.0,412.0,196.17
792.0,37.803000000000004,117.28,30345.0,412.0,196.17
793.0,37.801,117.28,30361.0,413.0,196.17
794.0,37.799,117.28,30377.0,414.0,195.82
795.0,37.797,117.28,30394.0,414.0,195.82
796.0,37.795,117.28,30411.0,415.0,195.82
797.0,37.793,117.28,30428.0,416.0,195.82
798.0,37.791,117.28,30447.0,416.0,195.82
799.0,37.789,117.28,30465.0,417.0,195.82
800.0,37.786,117.28,30482.0,417.0,195.82
801.0,37.784,117.28,30500.0,418.0,195.82
802.0,37.782,117.28,30519.0,418.0,195.82
803.0,37.78,117.28,30537.0,419.0,195.82
804.0,37.778,117.28,30556.0,419.0,195.82
805.0,37.775999999999996,117.28,30575.0,419.0,195.82
806.0,37.774,117.28,30593.0,420.0,195.82
807.0,37.772,117.28,30613.0,420.0,195.82
808.0,37.769,117.28,30631.0,421.0,195.47
809.0,37.766999999999996,117.28,30651.0,421.0,195.47
810.0,37.765,117.28,30669.0,421.0,195.47
811.0,37.763000000000005,117.28,30689.0,422.0,195.47
812.0,37.760999999999996,117.28,30707.0,422.0,195.47
813.0,37.759,117.28,30726.0,423.0,195.47
814.0,37.756,117.28,30746.0,424.0,195.47
815.0,37.754,117.28,30764.0,424.0,195.47
816.0,37.751999999999995,117.28,30784.0,425.0,195.47
817.0,37.75,117.28,30802.0,424.0,195.47
818.0,37.748000000000005,117.28,30822.0,426.0,195.47
819.0,37.746,117.28,30842.0,426.0,195.47
820.0,37.744,117.28,30861.0,427.0,195.47
821.0,37.741,117.28,30881.0,427.0,195.47
822.0,37.739000000000004,117.28,30900.0,428.0,195.47
823.0,37.736999999999995,117.28,30920.0,428.0,195.47
824.0,37.735,117.27,30940.0,429.0,195.47
825.0,37.733000000000004,117.27,30960.0,429.0,195.47
826.0,37.731,117.27,30977.0,429.0,195.47
827.0,37.728,117.27,30994.0,430.0,195.47
828.0,37.726,117.27,31008.0,430.0,195.12
829.0,37.724000000000004,117.27,31020.0,431.0,195.12
830.0,37.722,117.27,31028.0,432.0,195.12
831.0,37.72,117.27,31037.0,432.0,195.12
832.0,37.717,117.27,31041.0,433.0,195.12
833.0,37.715,117.27,31043.0,433.0,195.12
834.0,37.713,117.27,31045.0,434.0,195.12
835.0,37.711,117.27,31047.0,434.0,195.12
836.0,37.709,117.27,31045.0,435.0,195.12
837.0,37.705999999999996,117.27,31045.0,435.0,195.12
838.0,37.704,117.27,31043.0,435.0,195.12
839.0,37.702,117.27,31043.0,436.0,195.12
840.0,37.7,117.27,31040.0,436.0,195.12
841.0,37.698,117.27,31039.0,436.0,195.12
842.0,37.696,117.27,31039.0,436.0,195.12
843.0,37.693000000000005,117.27,31037.0,437.0,195.12
844.0,37.691,117.27,31038.0,437.0,195.12
845.0,37.689,117.27,31040.0,438.0,195.12
846.0,37.687,117.27,31040.0,438.0,195.12
847.0,37.684,117.27,31038.0,438.0,195.12
848.0,37.681999999999995,117.27,31038.0,438.0,195.12
849.0,37.68,117.27,31036.0,438.0,195.12
850.0,37.678000000000004,117.27,31036.0,438.0,195.12
851.0,37.676,117.27,31036.0,438.0,195.12
852.0,37.673,117.27,31035.0,438.0,195.12
853.0,37.671,117.27,31035.0,438.0,195.12
854.0,37.669000000000004,117.27,31036.0,438.0,195.12
855.0,37.667,117.27,31037.0,438.0,195.12
856.0,37.665,117.27,31035.0,438.0,195.12
857.0,37.662,117.27,31036.0,438.0,195.12
858.0,37.66,117.27,31036.0,438.0,195.12
859.0,37.658,117.27,31037.0,438.0,195.12
860.0,37.656,117.27,31037.0,438.0,195.12
861.0,37.654,117.27,31038.0,438.0,195.12
862.0,37.650999999999996,117.27,31038.0,438.0,195.12
863.0,37.649,117.27,31038.0,439.0,195.12
864.0,37.647,117.27,31039.0,439.0,195.12
865.0,37.645,117.27,31038.0,439.0,195.12
866.0,37.643,117.27,31039.0,439.0,195.12
867.0,37.64,117.27,31038.0,439.0,195.12
868.0,37.638000000000005,117.27,31039.0,439.0,195.12
869.0,37.635999999999996,117.27,31040.0,439.0,195.12
870.0,37.634,117.27,31041.0,439.0,195.12
871.0,37.631,117.27,31041.0,439.0,195.12
872.0,37.629,117.27,31041.0,439.0,195.12
873.0,37.626999999999995,117.27,31041.0,439.0,195.12
874.0,37.625,117.27,31040.0,439.0,195.12
875.0,37.623000000000005,117.27,31041.0,439.0,195.12
876.0,37.62,117.27,31042.0,439.0,195.12
877.0,37.618,117.27,31041.0,439.0,195.12
878.0,37.616,117.27,31041.0,439.0,195.12
879.0,37.614000000000004,117.27,31042.0,439.0,195.12
880.0,37.611999999999995,117.27,31040.0,439.0,195.12
881.0,37.609,117.27,31041.0,439.0,195.12
882.0,37.607,117.27,31041.0,439.0,195.12
883.0,37.605,117.27,31042.0,439.0,195.12
884.0,37.603,117.27,31041.0,439.0,195.12
885.0,37.601,117.27,31041.0,439.0,195.12
886.0,37.598,117.27,31041.0,440.0,195.12
887.0,37.596,117.27,31041.0,440.0,195.12
888.0,37.594,117.27,31040.0,440.0,195.12
889.0,37.592,117.27,31040.0,440.0,195.12
890.0,37.589,117.27,31040.0,440.0,195.12
891.0,37.586999999999996,117.27,31039.0,440.0,195.12
892.0,37.585,117.27,31041.0,441.0,195.12
893.0,37.583,117.26,31039.0,441.0,195.12
894.0,37.580999999999996,117.26,31039.0,441.0,195.12
895.0,37.578,117.26,31038.0,441.0,195.12
896.0,37.576,117.26,31039.0,441.0,195.12
897.0,37.574,117.26,31040.0,441.0,195.12
898.0,37.571999999999996,117.26,31039.0,441.0,195.12
899.0,37.569,117.26,31039.0,441.0,195.12
900.0,37.567,117.26,31038.0,441.0,195.12
901.0,37.565,117.26,31038.0,441.0,200.12
902.0,37.563,117.26,31038.0,441.0,205.12
903.0,37.561,117.26,31039.0,441.0,209.77
904.0,37.558,117.26,31038.0,441.0,214.77
905.0,37.556,117.26,31039.0,441.0,219.41
906.0,37.554,117.26,31039.0,441.0,223.71
907.0,37.552,117.26,31040.0,441.0,228.36
908.0,37.55,117.26,31039.0,441.0,233.01
909.0,37.547,117.26,31040.0,441.0,237.66
910.0,37.545,117.26,31039.0,441.0,241.95
911.0,37.543,117.26,31039.0,441.0,246.6
912.0,37.541,117.26,31039.0,441.0,251.25
913.0,37.538000000000004,117.26,31039.0,441.0,255.9
914.0,37.536,117.26,31039.0,441.0,260.55
915.0,37.534,117.26,31039.0,441.0,265.2
916.0,37.532,117.26,31040.0,441.0,269.84000000000003
917.0,37.529,117.26,31039.0,441.0,274.49
918.0,37.527,117.26,31038.0,441.0,279.14
919.0,37.525,117.26,31039.0,441.0,283.44
920.0,37.523,117.26,31038.0,441.0,288.09000000000003
921.0,37.521,117.26,31038.0,441.0,292.73
922.0,37.518,117.26,31038.0,441.0,297.38
923.0,37.516,117.26,31038.0,441.0,302.03
924.0,37.514,117.26,31037.0,441.0,306.68
925.0,37.512,117.26,31037.0,441.0,311.33000000000004
926.0,37.509,117.26,31038.0,441.0,315.98
927.0,37.507,117.27,31038.0,442.0,320.63
928.0,37.505,117.27,31037.0,442.0,325.27
929.0,37.503,117.27,31037.0,442.0,329.91999999999996
930.0,37.5,117.27,31037.0,442.0,334.57
931.0,37.498000000000005,117.27,31036.0,443.0,339.22
932.0,37.496,117.27,31037.0,442.0,343.87
933.0,37.494,117.27,31037.0,443.0,348.52
934.0,37.491,117.27,31038.0,443.0,353.15999999999997
935.0,37.489000000000004,117.27,31038.0,443.0,357.81
936.0,37.486999999999995,117.27,31038.0,443.0,362.46000000000004
937.0,37.485,117.27,31039.0,443.0,367.11
938.0,37.482,117.27,31038.0,444.0,371.76
939.0,37.48,117.27,31040.0,444.0,376.40999999999997
940.0,37.478,117.27,31039.0,445.0,381.05
941.0,37.476,117.27,31040.0,445.0,386.05
942.0,37.474000000000004,117.27,31040.0,445.0,391.05
943.0,37.471,117.27,31041.0,445.0,396.05
944.0,37.469,117.27,31040.0,445.0,401.05
945.0,37.467,117.27,31041.0,445.0,406.05
946.0,37.465,117.27,31040.0,445.0,411.05
947.0,37.461999999999996,117.27,31040.0,445.0,416.05
948.0,37.46,117.27,31041.0,445.0,421.05
949.0,37.458,117.27,31040.0,445.0,426.05
950.0,37.455999999999996,117.27,31041.0,445.0,431.05
951.0,37.453,117.28,31039.0,445.0,436.05
952.0,37.451,117.28,31039.0,445.0,441.05
953.0,37.449,117.28,31040.0,445.0,446.05
954.0,37.446999999999996,117.28,31039.0,445.0,451.05
955.0,37.444,117.28,31040.0,445.0,456.05
956.0,37.442,117.28,31038.0,445.0,461.05
957.0,37.44,117.28,31039.0,445.0,466.05
958.0,37.438,117.28,31038.0,445.0,471.05
959.0,37.435,117.28,31039.0,445.0,476.05
960.0,37.433,117.28,31039.0,445.0,481.05
961.0,37.431,117.28,31039.0,445.0,486.05
962.0,37.429,117.28,31039.0,445.0,491.05
963.0,37.427,117.28,31038.0,445.0,496.05
964.0,37.424,117.28,31038.0,445.0,501.05
965.0,37.422,117.28,31036.0,445.0,506.05
966.0,37.42,117.28,31037.0,445.0,511.05
967.0,37.418,117.28,31036.0,445.0,516.05
968.0,37.415,117.28,31036.0,445.0,521.05
969.0,37.413000000000004,117.28,31036.0,445.0,526.05
970.0,37.411,117.28,31035.0,445.0,531.05
971.0,37.409,117.28,31035.0,445.0,536.05
972.0,37.406,117.28,31035.0,445.0,541.05
973.0,37.404,117.29,31036.0,445.0,546.05
974.0,37.402,117.29,31034.0,445.0,551.05
975.0,37.4,117.29,31035.0,444.0,556.05
976.0,37.398,117.29,31034.0,444.0,561.05
977.0,37.395,117.29,31033.0,444.0,566.05
978.0,37.393,117.29,31032.0,443.0,571.05
979.0,37.391,117.29,31032.0,443.0,576.05
980.0,37.389,117.29,31032.0,443.0,581.05
981.0,37.385999999999996,117.29,31031.0,442.0,586.05
982.0,37.384,117.29,31032.0,441.0,591.05
983.0,37.382,117.29,31031.0,441.0,596.05
984.0,37.38,117.29,31031.0,441.0,601.05
985.0,37.378,117.29,31031.0,441.0,606.05
986.0,37.375,117.29,31032.0,440.0,611.05
987.0,37.373000000000005,117.29,31032.0,440.0,616.05
988.0,37.371,117.29,31032.0,439.0,621.41
989.0,37.369,117.29,31030.0,439.0,626.41
990.0,37.367,117.29,31031.0,439.0,631.41
991.0,37.364000000000004,117.29,31032.0,438.0,636.41
992.0,37.361999999999995,117.29,31032.0,438.0,641.41
993.0,37.36,117.29,31032.0,437.0,646.41
994.0,37.358000000000004,117.29,31034.0,437.0,651.41
995.0,37.356,117.3,31033.0,437.0,656.41
996.0,37.353,117.3,31035.0,437.0,661.41
997.0,37.351,117.3,31036.0,437.0,666.41
998.0,37.349000000000004,117.3,31037.0,437.0,671.41
999.0,37.347,117.3,31036.0,437.0,676.41
1000.0,37.345,117.3,31038.0,436.0,681.41
1001.0,37.342,117.3,31035.0,436.0,186.41
1002.0,37.34,117.3,31036.0,436.0,191.41
1003.0,37.338,117.3,31035.0,436.0,196.41
1004.0,37.336,117.3,31035.0,436.0,201.41
1005.0,37.334,117.3,31033.0,436.0,206.41
1006.0,37.330999999999996,117.3,31032.0,436.0,211.41
1007.0,37.329,117.3,31031.0,436.0,216.41
1008.0,37.327,117.3,31030.0,436.0,221.41
1009.0,37.325,117.3,31030.0,435.0,226.41
1010.0,37.323,117.3,31029.0,435.0,231.41
1011.0,37.321,117.3,31027.0,435.0,236.41
1012.0,37.318000000000005,117.3,31028.0,435.0,241.41
1013.0,37.316,117.3,31026.0,435.0,246.41
1014.0,37.314,117.3,31028.0,435.0,251.41
1015.0,37.312,117.3,31027.0,435.0,256.40999999999997
1016.0,37.31,117.3,31028.0,435.0,261.40999999999997
1017.0,37.308,117.3,31029.0,434.0,266.40999999999997
1018.0,37.305,117.31,31028.0,434.0,271.40999999999997
1019.0,37.303000000000004,117.31,31030.0,434.0,276.40999999999997
1020.0,37.301,117.31,31030.0,434.0,281.40999999999997
1021.0,37.299,117.31,31031.0,434.0,286.40999999999997
1022.0,37.297,117.31,31032.0,434.0,291.40999999999997
1023.0,37.294000000000004,117.31,31033.0,434.0,296.40999999999997
1024.0,37.292,117.31,31033.0,433.0,301.40999999999997
1025.0,37.29,117.31,31035.0,433.0,306.40999999999997
1026.0,37.288000000000004,117.31,31035.0,433.0,311.40999999999997
1027.0,37.286,117.31,31034.0,433.0,316.40999999999997
1028.0,37.284,117.31,31035.0,433.0,321.40999999999997
1029.0,37.281,117.31,31034.0,433.0,326.40999999999997
1030.0,37.279,117.31,31035.0,433.0,331.40999999999997
1031.0,37.277,117.31,31035.0,433.0,336.40999999999997
1032.0,37.275,117.31,31034.0,433.0,341.40999999999997
1033.0,37.273,117.31,31034.0,433.0,346.40999999999997
1034.0,37.271,117.31,31034.0,433.0,351.76
1035.0,37.268,117.31,31035.0,433.0,356.76
1036.0,37.266,117.31,31034.0,433.0,361.76
1037.0,37.264,117.31,31035.0,433.0,366.76
1038.0,37.262,117.31,31035.0,433.0,371.76
1039.0,37.26,117.31,31035.0,433.0,376.76
1040.0,37.258,117.32,31034.0,433.0,381.76
1041.0,37.255,117.32,31034.0,433.0,386.76
1042.0,37.253,117.32,31033.0,433.0,391.76
1043.0,37.251,117.32,31034.0,433.0,396.76
1044.0,37.249,117.32,31035.0,433.0,401.76
1045.0,37.247,117.32,31034.0,433.0,406.76
1046.0,37.244,117.32,31033.0,433.0,411.76
1047.0,37.242,117.32,31033.0,433.0,416.76
1048.0,37.24,117.32,31033.0,433.0,421.76
1049.0,37.238,117.32,31034.0,433.0,426.76
1050.0,37.236,117.32,31034.0,433.0,431.76
1051.0,37.234,117.32,31035.0,433.0,436.76
1052.0,37.231,117.32,31034.0,432.0,441.76
1053.0,37.229,117.32,31034.0,432.0,446.76
1054.0,37.227,117.32,31033.0,432.0,451.76
1055.0,37.225,117.32,31034.0,432.0,456.76
1056.0,37.223,117.32,31033.0,432.0,461.76
1057.0,37.221,117.32,31033.0,432.0,466.76
1058.0,37.218,117.32,31034.0,432.0,471.76
1059.0,37.216,117.32,31034.0,432.0,476.76
1060.0,37.214,117.32,31034.0,432.0,481.76
1061.0,37.211999999999996,117.32,31035.0,432.0,486.76
1062.0,37.21,117.32,31035.0,432.0,491.76
1063.0,37.208,117.33,31035.0,432.0,496.76
1064.0,37.205,117.33,31036.0,432.0,501.76
1065.0,37.203,117.33,31035.0,432.0,506.76
1066.0,37.201,117.33,31034.0,432.0,511.76
1067.0,37.199,117.33,31035.0,432.0,516.76
1068.0,37.196999999999996,117.33,31036.0,432.0,521.76
1069.0,37.194,117.33,31036.0,432.0,526.76
1070.0,37.192,117.33,31035.0,432.0,531.76
1071.0,37.19,117.33,31036.0,432.0,536.76
1072.0,37.188,117.33,31035.0,432.0,541.76
1073.0,37.186,117.33,31034.0,432.0,546.76
1074.0,37.184,117.33,31034.0,432.0,551.76
1075.0,37.181,117.33,31034.0,432.0,556.76
1076.0,37.179,117.33,31034.0,432.0,561.76
1077.0,37.177,117.33,31034.0,432.0,566.76
1078.0,37.175,117.33,31035.0,432.0,571.76
1079.0,37.173,117.33,31034.0,432.0,576.76
1080.0,37.171,117.33,31035.0,432.0,581.76
1081.0,37.168,117.33,31034.0,432.0,586.76
1082.0,37.166,117.33,31035.0,432.0,591.76
1083.0,37.164,117.33,31036.0,432.0,596.76
1084.0,37.162,117.33,31036.0,432.0,601.76
1085.0,37.16,117.33,31036.0,432.0,606.76
1086.0,37.157,117.33,31036.0,432.0,611.76
1087.0,37.155,117.34,31037.0,432.0,616.76
1088.0,37.153,117.34,31037.0,432.0,621.76
1089.0,37.150999999999996,117.34,31038.0,432.0,626.76
1090.0,37.149,117.34,31037.0,432.0,631.76
1091.0,37.147,117.34,31038.0,432.0,636.76
1092.0,37.144,117.34,31037.0,431.0,641.76
1093.0,37.141999999999996,117.34,31037.0,432.0,646.76
1094.0,37.14,117.34,31037.0,432.0,651.76
1095.0,37.138000000000005,117.34,31037.0,432.0,656.76
1096.0,37.135999999999996,117.34,31036.0,432.0,661.76
1097.0,37.134,117.34,31036.0,432.0,666.76
1098.0,37.131,117.34,31036.0,432.0,671.76
1099.0,37.129,117.34,31036.0,432.0,676.76
1100.0,37.126999999999995,117.34,31036.0,432.0,681.76
1101.0,37.125,117.34,31035.0,432.0,186.76
1102.0,37.123000000000005,117.34,31035.0,432.0,191.76
1103.0,37.121,117.34,31036.0,432.0,196.76
1104.0,37.118,117.34,31035.0,432.0,201.76
1105.0,37.116,117.34,31035.0,431.0,206.76
1106.0,37.114000000000004,117.34,31035.0,431.0,211.76
1107.0,37.111999999999995,117.34,31034.0,431.0,216.76
1108.0,37.11,117.34,31035.0,431.0,221.76
1109.0,37.107,117.34,31034.0,431.0,226.76
1110.0,37.105,117.35,31034.0,431.0,231.76
1111.0,37.103,117.35,31034.0,431.0,236.76
1112.0,37.101,117.35,31034.0,431.0,241.41
1113.0,37.099000000000004,117.35,31034.0,431.0,246.41
1114.0,37.097,117.35,31034.0,431.0,251.41
1115.0,37.094,117.35,31034.0,431.0,256.40999999999997
1116.0,37.092,117.35,31034.0,431.0,261.40999999999997
1117.0,37.09,117.35,31035.0,431.0,266.40999999999997
1118.0,37.088,117.35,31034.0,431.0,271.40999999999997
1119.0,37.086,117.35,31034.0,431.0,276.40999999999997
1120.0,37.083,117.35,31034.0,431.0,281.40999999999997
1121.0,37.080999999999996,117.35,31035.0,431.0,286.40999999999997
1122.0,37.079,117.35,31034.0,431.0,291.40999999999997
1123.0,37.077,117.35,31034.0,431.0,296.40999999999997
1124.0,37.075,117.35,31035.0,431.0,301.40999999999997
1125.0,37.073,117.35,31034.0,431.0,306.40999999999997
1126.0,37.07,117.35,31035.0,431.0,311.40999999999997
1127.0,37.068000000000005,117.35,31035.0,431.0,316.40999999999997
1128.0,37.066,117.35,31035.0,431.0,321.40999999999997
1129.0,37.064,117.35,31035.0,431.0,326.40999999999997
1130.0,37.062,117.35,31036.0,431.0,331.40999999999997
1131.0,37.06,117.35,31036.0,431.0,336.40999999999997
1132.0,37.056999999999995,117.35,31035.0,431.0,341.40999999999997
1133.0,37.055,117.36,31035.0,432.0,346.40999999999997
1134.0,37.053000000000004,117.36,31037.0,432.0,351.40999999999997
1135.0,37.051,117.36,31036.0,432.0,356.40999999999997
1136.0,37.049,117.36,31036.0,432.0,361.40999999999997
1137.0,37.047,117.36,31036.0,432.0,366.40999999999997
1138.0,37.044000000000004,117.36,31038.0,432.0,371.40999999999997
1139.0,37.042,117.36,31037.0,433.0,376.40999999999997
1140.0,37.04,117.36,31037.0,433.0,381.40999999999997
1141.0,37.038000000000004,117.36,31038.0,432.0,386.40999999999997
1142.0,37.036,117.36,31037.0,432.0,391.40999999999997
1143.0,37.033,117.36,31039.0,432.0,396.40999999999997
1144.0,37.031,117.36,31039.0,432.0,401.40999999999997
1145.0,37.029,117.36,31038.0,433.0,406.40999999999997
1146.0,37.027,117.36,31038.0,433.0,411.40999999999997
1147.0,37.025,117.36,31038.0,433.0,416.40999999999997
1148.0,37.023,117.36,31038.0,432.0,421.40999999999997
1149.0,37.021,117.36,31037.0,433.0,426.40999999999997
1150.0,37.018,117.36,31037.0,433.0,431.40999999999997
1151.0,37.016,117.36,31038.0,433.0,436.40999999999997
1152.0,37.014,117.36,31037.0,432.0,441.40999999999997
1153.0,37.012,117.36,31037.0,432.0,446.40999999999997
1154.0,37.01,117.36,31037.0,432.0,451.40999999999997
1155.0,37.008,117.36,31036.0,432.0,456.40999999999997
1156.0,37.005,117.36,31037.0,432.0,461.40999999999997
1157.0,37.003,117.37,31037.0,432.0,466.40999999999997
1158.0,37.001,117.37,31037.0,432.0,471.40999999999997
1159.0,36.999,117.37,31037.0,432.0,476.40999999999997
1160.0,36.997,117.37,31038.0,432.0,481.40999999999997
1161.0,36.994,117.37,31037.0,432.0,486.40999999999997
1162.0,36.992,117.37,31036.0,432.0,491.40999999999997
1163.0,36.99,117.37,31037.0,432.0,496.40999999999997
1164.0,36.988,117.37,31037.0,432.0,501.40999999999997
1165.0,36.986,117.37,31038.0,432.0,506.40999999999997
1166.0,36.984,117.37,31038.0,432.0,511.40999999999997
1167.0,36.981,117.37,31039.0,432.0,516.41
1168.0,36.979,117.37,31039.0,432.0,521.41
1169.0,36.977,117.37,31040.0,432.0,526.41
1170.0,36.975,117.37,31038.0,432.0,531.41
1171.0,36.973,117.37,31039.0,432.0,536.41
1172.0,36.971,117.37,31038.0,432.0,541.41
1173.0,36.968,117.37,31039.0,432.0,546.41
1174.0,36.966,117.37,31038.0,432.0,551.41
1175.0,36.964,117.37,31039.0,432.0,556.41
1176.0,36.961999999999996,117.37,31038.0,432.0,561.41
1177.0,36.96,117.37,31038.0,432.0,566.41
1178.0,36.958,117.37,31038.0,432.0,571.41
1179.0,36.955,117.38,31039.0,432.0,576.41
1180.0,36.953,117.38,31037.0,432.0,581.41
1181.0,36.951,117.38,31036.0,432.0,586.41
1182.0,36.949,117.38,31037.0,432.0,591.41
1183.0,36.946999999999996,117.38,31037.0,432.0,596.41
1184.0,36.945,117.38,31037.0,432.0,601.41
1185.0,36.942,117.38,31037.0,432.0,606.41
1186.0,36.94,117.38,31038.0,433.0,611.41
1187.0,36.938,117.38,31038.0,433.0,616.41
1188.0,36.936,117.38,31038.0,433.0,621.41
1189.0,36.934,117.38,31039.0,433.0,626.41
1190.0,36.931,117.38,31039.0,432.0,631.41
1191.0,36.929,117.38,31039.0,432.0,636.41
1192.0,36.927,117.38,31038.0,432.0,641.41
1193.0,36.925,117.38,31039.0,432.0,646.41
1194.0,36.923,117.38,31040.0,432.0,651.41
1195.0,36.921,117.38,31039.0,432.0,656.41
1196.0,36.919000000000004,117.38,31038.0,432.0,661.41
1197.0,36.916,117.38,31038.0,432.0,666.41
1198.0,36.914,117.38,31037.0,432.0,671.41
1199.0,36.912,117.38,31039.0,432.0,676.41
1200.0,36.91,117.38,31037.0,432.0,681.41
1201.0,36.908,117.38,31037.0,432.0,186.41
1202.0,36.905,117.38,31036.0,432.0,191.41
1203.0,36.903,117.39,31036.0,432.0,196.41
1204.0,36.900999999999996,117.39,31036.0,432.0,201.41
1205.0,36.899,117.39,31036.0,432.0,206.41
1206.0,36.897,117.39,31036.0,432.0,211.41
1207.0,36.895,117.39,31037.0,432.0,216.41
1208.0,36.891999999999996,117.39,31037.0,431.0,221.41
1209.0,36.89,117.39,31036.0,432.0,226.41
1210.0,36.888000000000005,117.39,31036.0,432.0,231.41
1211.0,36.885999999999996,117.39,31036.0,431.0,236.41
1212.0,36.884,117.39,31035.0,431.0,241.41
1213.0,36.882,117.39,31036.0,431.0,246.41
1214.0,36.879,117.39,31036.0,431.0,251.41
1215.0,36.876999999999995,117.39,31035.0,431.0,256.40999999999997
1216.0,36.875,117.39,31035.0,432.0,261.40999999999997
1217.0,36.873000000000005,117.39,31036.0,431.0,266.40999999999997
1218.0,36.871,117.39,31036.0,431.0,271.40999999999997
1219.0,36.869,117.39,31036.0,431.0,276.40999999999997
1220.0,36.866,117.39,31036.0,432.0,281.40999999999997
1221.0,36.864000000000004,117.39,31035.0,432.0,286.40999999999997
1222.0,36.861999999999995,117.39,31035.0,431.0,291.40999999999997
1223.0,36.86,117.39,31036.0,431.0,296.40999999999997
1224.0,36.858000000000004,117.39,31035.0,431.0,301.40999999999997
1225.0,36.856,117.39,31036.0,432.0,306.40999999999997
1226.0,36.853,117.4,31035.0,431.0,311.40999999999997
1227.0,36.851,117.4,31035.0,431.0,316.40999999999997
1228.0,36.849000000000004,117.4,31036.0,431.0,321.40999999999997
1229.0,36.847,117.4,31035.0,431.0,326.40999999999997
1230.0,36.845,117.4,31035.0,430.0,331.40999999999997
1231.0,36.843,117.4,31035.0,430.0,336.40999999999997
1232.0,36.84,117.4,31036.0,430.0,341.40999999999997
1233.0,36.838,117.4,31035.0,430.0,346.40999999999997
1234.0,36.836,117.4,31035.0,430.0,351.40999999999997
1235.0,36.834,117.4,31036.0,430.0,356.40999999999997
1236.0,36.832,117.4,31034.0,430.0,361.40999999999997
1237.0,36.83,117.4,31034.0,430.0,366.40999999999997
1238.0,36.827,117.4,31035.0,430.0,371.40999999999997
1239.0,36.825,117.4,31035.0,430.0,376.40999999999997
1240.0,36.823,117.4,31036.0,430.0,381.40999999999997
1241.0,36.821,117.4,31035.0,430.0,386.40999999999997
1242.0,36.819,117.4,31035.0,430.0,391.40999999999997
1243.0,36.817,117.4,31035.0,430.0,396.40999999999997
1244.0,36.814,117.4,31036.0,430.0,401.40999999999997
1245.0,36.812,117.4,31037.0,430.0,406.40999999999997
1246.0,36.81,117.4,31036.0,430.0,411.40999999999997
1247.0,36.808,117.4,31037.0,430.0,416.40999999999997
1248.0,36.806,117.4,31038.0,430.0,421.40999999999997
1249.0,36.804,117.41,31038.0,430.0,426.40999999999997
1250.0,36.801,117.41,31036.0,430.0,431.40999999999997
1251.0,36.799,117.41,31037.0,430.0,436.40999999999997
1252.0,36.797,117.41,31037.0,430.0,441.05
1253.0,36.795,117.41,31038.0,430.0,446.05
1254.0,36.793,117.41,31038.0,430.0,451.05
1255.0,36.79,117.41,31038.0,430.0,456.05
1256.0,36.788000000000004,117.41,31038.0,430.0,461.05
1257.0,36.786,117.41,31038.0,430.0,466.05
1258.0,36.784,117.41,31038.0,430.0,471.05
1259.0,36.782,117.41,31038.0,430.0,476.05
1260.0,36.779,117.41,31038.0,430.0,481.05
1261.0,36.777,117.41,31038.0,430.0,486.05
1262.0,36.775,117.41,31037.0,430.0,491.05
1263.0,36.773,117.41,31038.0,430.0,496.05
1264.0,36.771,117.41,31036.0,430.0,501.05
1265.0,36.769,117.41,31037.0,431.0,506.05
1266.0,36.766999999999996,117.41,31036.0,431.0,511.05
1267.0,36.764,117.41,31037.0,431.0,516.05
1268.0,36.762,117.41,31037.0,431.0,521.05
1269.0,36.76,117.41,31038.0,431.0,526.05
1270.0,36.758,117.41,31037.0,431.0,531.05
1271.0,36.756,117.41,31036.0,431.0,536.05
1272.0,36.753,117.42,31036.0,431.0,541.05
1273.0,36.751,117.42,31037.0,431.0,546.05
1274.0,36.749,117.42,31037.0,431.0,551.05
1275.0,36.747,117.42,31036.0,431.0,556.05
1276.0,36.745,117.42,31036.0,431.0,561.05
1277.0,36.742,117.42,31035.0,431.0,566.05
1278.0,36.74,117.42,31035.0,432.0,571.41
1279.0,36.738,117.42,31034.0,431.0,576.41
1280.0,36.736,117.42,31035.0,432.0,581.41
1281.0,36.734,117.42,31033.0,431.0,586.41
1282.0,36.732,117.42,31033.0,431.0,591.41
1283.0,36.729,117.42,31033.0,432.0,596.41
1284.0,36.727,117.42,31032.0,432.0,601.41
1285.0,36.725,117.42,31032.0,432.0,606.41
1286.0,36.723,117.42,31032.0,432.0,611.41
1287.0,36.721,117.42,31032.0,431.0,616.41
1288.0,36.719,117.42,31032.0,431.0,621.41
1289.0,36.717,117.42,31032.0,431.0,626.41
1290.0,36.714,117.42,31032.0,431.0,631.41
1291.0,36.711999999999996,117.42,31032.0,431.0,636.41
1292.0,36.71,117.42,31032.0,431.0,641.41
1293.0,36.708,117.42,31032.0,431.0,646.41
1294.0,36.705999999999996,117.42,31032.0,431.0,651.41
1295.0,36.703,117.42,31033.0,431.0,656.41
1296.0,36.701,117.43,31033.0,431.0,661.41
1297.0,36.699,117.43,31034.0,431.0,666.41
1298.0,36.696999999999996,117.43,31034.0,431.0,671.41
1299.0,36.695,117.43,31034.0,431.0,676.41
1300.0,36.692,117.43,31034.0,431.0,681.41
1301.0,36.69,117.43,31035.0,431.0,186.41
1302.0,36.688,117.43,31036.0,431.0,191.41
1303.0,36.686,117.43,31037.0,431.0,196.41
1304.0,36.684,117.43,31036.0,431.0,201.41
1305.0,36.681999999999995,117.43,31037.0,431.0,206.41
1306.0,36.679,117.43,31037.0,431.0,211.41
1307.0,36.677,117.43,31037.0,431.0,216.41
1308.0,36.675,117.43,31037.0,431.0,221.41
1309.0,36.673,117.43,31037.0,431.0,226.41
1310.0,36.671,117.43,31037.0,431.0,231.41
1311.0,36.669000000000004,117.43,31037.0,431.0,236.41
1312.0,36.667,117.43,31039.0,431.0,241.41
1313.0,36.664,117.43,31039.0,431.0,246.41
1314.0,36.662,117.43,31038.0,431.0,251.41
1315.0,36.66,117.43,31038.0,431.0,256.40999999999997
1316.0,36.658,117.43,31038.0,431.0,261.40999999999997
1317.0,36.656,117.43,31039.0,431.0,266.40999999999997
1318.0,36.653,117.43,31039.0,431.0,271.40999999999997
1319.0,36.650999999999996,117.44,31039.0,431.0,276.40999999999997
1320.0,36.649,117.44,31039.0,431.0,281.40999999999997
1321.0,36.647,117.44,31038.0,431.0,286.40999999999997
1322.0,36.645,117.44,31038.0,431.0,291.40999999999997
1323.0,36.643,117.44,31037.0,431.0,296.40999999999997
1324.0,36.64,117.44,31037.0,431.0,301.40999999999997
1325.0,36.638000000000005,117.44,31037.0,431.0,306.40999999999997
1326.0,36.635999999999996,117.44,31037.0,431.0,311.40999999999997
1327.0,36.634,117.44,31036.0,431.0,316.40999999999997
1328.0,36.632,117.44,31036.0,431.0,321.40999999999997
1329.0,36.629,117.44,31035.0,431.0,326.40999999999997
1330.0,36.626999999999995,117.44,31035.0,431.0,331.40999999999997
1331.0,36.625,117.44,31034.0,431.0,336.40999999999997
1332.0,36.623000000000005,117.44,31035.0,431.0,341.40999999999997
1333.0,36.621,117.44,31034.0,431.0,346.40999999999997
1334.0,36.619,117.44,31034.0,431.0,351.40999999999997
1335.0,36.616,117.44,31034.0,431.0,356.40999999999997
1336.0,36.614000000000004,117.44,31034.0,431.0,361.40999999999997
1337.0,36.611999999999995,117.44,31034.0,431.0,366.40999999999997
1338.0,36.61,117.44,31034.0,431.0,371.40999999999997
1339.0,36.608000000000004,117.44,31035.0,431.0,376.40999999999997
1340.0,36.606,117.44,31036.0,431.0,381.40999999999997
1341.0,36.603,117.44,31037.0,430.0,386.40999999999997
1342.0,36.601,117.45,31036.0,430.0,391.40999999999997
1343.0,36.599000000000004,117.45,31037.0,430.0,396.40999999999997
1344.0,36.597,117.45,31037.0,430.0,401.40999999999997
1345.0,36.595,117.45,31036.0,430.0,406.40999999999997
1346.0,36.593,117.45,31036.0,430.0,411.40999999999997
1347.0,36.59,117.45,31036.0,430.0,416.40999999999997
1348.0,36.588,117.45,31036.0,430.0,421.40999999999997
1349.0,36.586,117.45,31037.0,430.0,426.40999999999997
1350.0,36.584,117.45,31036.0,430.0,431.40999999999997
1351.0,36.582,117.45,31037.0,430.0,436.40999999999997
1352.0,36.579,117.45,31036.0,430.0,441.40999999999997
1353.0,36.577,117.45,31036.0,430.0,446.40999999999997
1354.0,36.575,117.45,31036.0,430.0,451.40999999999997
1355.0,36.573,117.45,31036.0,430.0,456.40999999999997
1356.0,36.571,117.45,31037.0,430.0,461.40999999999997
1357.0,36.569,117.45,31036.0,430.0,466.40999999999997
1358.0,36.567,117.45,31037.0,430.0,471.40999999999997
1359.0,36.564,117.45,31037.0,430.0,476.40999999999997
1360.0,36.562,117.45,31037.0,430.0,481.40999999999997
1361.0,36.56,117.45,31037.0,430.0,486.40999999999997
1362.0,36.558,117.45,31036.0,430.0,491.40999999999997
1363.0,36.556,117.45,31038.0,430.0,496.40999999999997
1364.0,36.554,117.45,31038.0,430.0,501.40999999999997
1365.0,36.551,117.45,31037.0,430.0,506.40999999999997
1366.0,36.549,117.46,31038.0,430.0,511.40999999999997
1367.0,36.547,117.46,31039.0,430.0,516.41
1368.0,36.545,117.46,31039.0,430.0,521.41
1369.0,36.543,117.46,31039.0,430.0,526.41
1370.0,36.54,117.46,31039.0,430.0,531.41
1371.0,36.538000000000004,117.46,31039.0,430.0,536.41
1372.0,36.536,117.46,31039.0,430.0,541.41
1373.0,36.534,117.46,31038.0,430.0,546.41
1374.0,36.532,117.46,31038.0,430.0,551.41
1375.0,36.53,117.46,31038.0,430.0,556.41
1376.0,36.527,117.46,31037.0,430.0,561.41
1377.0,36.525,117.46,31038.0,430.0,566.41
1378.0,36.523,117.46,31037.0,430.0,571.41
1379.0,36.521,117.46,31037.0,430.0,576.41
1380.0,36.519,117.46,31035.0,430.0,581.41
1381.0,36.516999999999996,117.46,31035.0,430.0,586.41
1382.0,36.514,117.46,31035.0,430.0,591.41
1383.0,36.512,117.46,31036.0,430.0,596.41
1384.0,36.51,117.46,31035.0,430.0,601.41
1385.0,36.508,117.46,31036.0,430.0,606.41
1386.0,36.506,117.46,31036.0,430.0,611.41
1387.0,36.504,117.46,31036.0,430.0,616.41
1388.0,36.501,117.46,31036.0,430.0,621.41
1389.0,36.499,117.47,31036.0,430.0,626.41
1390.0,36.497,117.47,31036.0,430.0,631.41
1391.0,36.495,117.47,31037.0,430.0,636.41
1392.0,36.493,117.47,31036.0,430.0,641.41
1393.0,36.49,117.47,31036.0,430.0,646.41
1394.0,36.488,117.47,31036.0,430.0,651.41
1395.0,36.486,117.47,31036.0,430.0,656.41
1396.0,36.484,117.47,31036.0,430.0,661.41
1397.0,36.482,117.47,31035.0,430.0,666.41
1398.0,36.48,117.47,31035.0,429.0,671.41
1399.0,36.477,117.47,31036.0,429.0,676.41
1400.0,36.475,117.47,31036.0,429.0,681.41
1401.0,36.473,117.47,31035.0,429.0,181.41
1402.0,36.471,117.47,31036.0,429.0,181.41
1403.0,36.469,117.47,31035.0,429.0,181.41
1404.0,36.467,117.47,31035.0,429.0,181.41
1405.0,36.464,117.47,31035.0,429.0,181.41
1406.0,36.461999999999996,117.47,31035.0,429.0,181.41
1407.0,36.46,117.47,31035.0,429.0,181.41
1408.0,36.458,117.47,31035.0,429.0,181.41
1409.0,36.455999999999996,117.47,31035.0,429.0,181.41
1410.0,36.454,117.47,31034.0,429.0,181.41
1411.0,36.451,117.47,31034.0,429.0,181.41
1412.0,36.449,117.48,31034.0,429.0,181.41
1413.0,36.446999999999996,117.48,31035.0,429.0,181.41
1414.0,36.445,117.48,31034.0,429.0,181.41
1415.0,36.443000000000005,117.48,31035.0,429.0,181.41
1416.0,36.44,117.48,31036.0,429.0,181.41
1417.0,36.438,117.48,31035.0,429.0,181.41
1418.0,36.436,117.48,31036.0,429.0,181.41
1419.0,36.434,117.48,31037.0,429.0,181.41
1420.0,36.431999999999995,117.48,31037.0,430.0,181.41
1421.0,36.43,117.48,31036.0,430.0,181.41
1422.0,36.427,117.48,31037.0,429.0,181.41
1423.0,36.425,117.48,31037.0,429.0,181.41
1424.0,36.423,117.48,31038.0,429.0,181.41
1425.0,36.421,117.48,31038.0,429.0,181.41
1426.0,36.419000000000004,117.48,31037.0,429.0,181.41
1427.0,36.417,117.48,31038.0,429.0,181.41
1428.0,36.414,117.48,31038.0,429.0,181.41
1429.0,36.412,117.48,31038.0,429.0,181.41
1430.0,36.41,117.48,31038.0,429.0,181.41
1431.0,36.408,117.48,31037.0,429.0,181.41
1432.0,36.406,117.48,31037.0,429.0,181.41
1433.0,36.404,117.48,31036.0,429.0,181.41
1434.0,36.400999999999996,117.48,31036.0,430.0,181.41
1435.0,36.399,117.48,31035.0,430.0,181.41
1436.0,36.397,117.49,31035.0,429.0,181.41
1437.0,36.395,117.49,31034.0,429.0,181.41
1438.0,36.393,117.49,31035.0,429.0,181.41
1439.0,36.391,117.49,31035.0,429.0,181.41
1440.0,36.388000000000005,117.49,31035.0,429.0,181.41
1441.0,36.385999999999996,117.49,31034.0,429.0,181.41
1442.0,36.384,117.49,31033.0,429.0,181.41
1443.0,36.382,117.49,31035.0,429.0,181.41
1444.0,36.38,117.49,31034.0,429.0,181.41
1445.0,36.378,117.49,31033.0,429.0,181.41
1446.0,36.375,117.49,31034.0,429.0,181.41
1447.0,36.373000000000005,117.49,31035.0,428.0,181.05
1448.0,36.371,117.49,31035.0,428.0,181.41
1449.0,36.369,117.49,31036.0,428.0,181.41
1450.0,36.367,117.49,31036.0,428.0,181.41
1451.0,36.364000000000004,117.49,31036.0,428.0,181.41
1452.0,36.361999999999995,117.49,31037.0,428.0,181.41
1453.0,36.36,117.49,31037.0,428.0,181.41
1454.0,36.358000000000004,117.49,31036.0,428.0,181.41
1455.0,36.356,117.49,31038.0,428.0,181.41
1456.0,36.354,117.49,31037.0,429.0,181.41
1457.0,36.351,117.49,31037.0,429.0,181.41
1458.0,36.349000000000004,117.49,31038.0,429.0,181.41
1459.0,36.347,117.5,31038.0,429.0,181.41
1460.0,36.345,117.5,31038.0,429.0,181.41
1461.0,36.343,117.5,31038.0,429.0,181.41
1462.0,36.34,117.5,31038.0,429.0,181.41
1463.0,36.338,117.5,31038.0,429.0,181.05
1464.0,36.336,117.5,31038.0,430.0,181.41
1465.0,36.334,117.5,31038.0,430.0,181.05
1466.0,36.332,117.5,31039.0,430.0,181.05
1467.0,36.33,117.5,31038.0,430.0,181.05
1468.0,36.327,117.5,31039.0,430.0,181.05
1469.0,36.325,117.5,31038.0,430.0,181.41
1470.0,36.323,117.5,31038.0,430.0,181.41
1471.0,36.321,117.5,31038.0,430.0,181.41
1472.0,36.319,117.5,31039.0,430.0,181.41
1473.0,36.316,117.5,31040.0,430.0,181.41
1474.0,36.314,117.5,31040.0,430.0,181.41
1475.0,36.312,117.5,31041.0,430.0,181.41
1476.0,36.31,117.5,31039.0,430.0,181.41
1477.0,36.308,117.5,31040.0,430.0,181.41
1478.0,36.306,117.5,31039.0,430.0,181.41
1479.0,36.303000000000004,117.5,31038.0,430.0,181.41
1480.0,36.301,117.5,31037.0,430.0,181.05
1481.0,36.299,117.5,31037.0,430.0,181.05
1482.0,36.297,117.5,31037.0,430.0,181.05
1483.0,36.295,117.51,31037.0,430.0,181.05
1484.0,36.293,117.51,31036.0,430.0,181.05
1485.0,36.29,117.51,31035.0,431.0,181.05
1486.0,36.288000000000004,117.51,31035.0,431.0,181.05
1487.0,36.286,117.51,31035.0,431.0,181.41
1488.0,36.284,117.51,31034.0,431.0,181.41
1489.0,36.282,117.51,31034.0,431.0,181.41
1490.0,36.279,117.51,31034.0,431.0,181.41
1491.0,36.277,117.51,31034.0,431.0,181.41
1492.0,36.275,117.51,31034.0,431.0,181.41
1493.0,36.273,117.51,31034.0,431.0,181.41
1494.0,36.271,117.51,31035.0,431.0,181.41
1495.0,36.269,117.51,31034.0,431.0,181.41
1496.0,36.266,117.51,31035.0,431.0,181.41
1497.0,36.264,117.51,31035.0,431.0,181.41
1498.0,36.262,117.51,31036.0,431.0,181.41
1499.0,36.26,117.51,31035.0,431.0,181.41
1500.0,36.258,117.51,31035.0,431.0,181.41
1501.0,36.255,117.51,31036.0,431.0,181.41
1502.0,36.253,117.51,31035.0,431.0,181.41
1503.0,36.251,117.51,31035.0,431.0,181.41
1504.0,36.249,117.51,31035.0,431.0,181.41
1505.0,36.247,117.51,31035.0,431.0,181.41
1506.0,36.245,117.52,31035.0,431.0,181.41
1507.0,36.242,117.52,31036.0,431.0,181.41
1508.0,36.24,117.52,31036.0,431.0,181.41
1509.0,36.238,117.52,31037.0,431.0,181.41
1510.0,36.236,117.52,31036.0,431.0,181.41
1511.0,36.234,117.52,31036.0,431.0,181.41
1512.0,36.232,117.52,31037.0,431.0,181.41
1513.0,36.229,117.52,31037.0,431.0,181.41
1514.0,36.227,117.52,31037.0,431.0,181.41
1515.0,36.225,117.52,31038.0,431.0,181.05
1516.0,36.223,117.52,31037.0,431.0,181.05
1517.0,36.221,117.52,31038.0,431.0,181.05
1518.0,36.218,117.52,31037.0,431.0,181.05
1519.0,36.216,117.52,31037.0,431.0,181.05
1520.0,36.214,117.52,31037.0,431.0,181.05
1521.0,36.211999999999996,117.52,31037.0,431.0,181.05
1522.0,36.21,117.52,31037.0,431.0,181.05
1523.0,36.207,117.52,31037.0,431.0,181.05
1524.0,36.205,117.52,31038.0,431.0,181.05
1525.0,36.203,117.52,31038.0,431.0,181.41
1526.0,36.201,117.52,31037.0,431.0,181.41
1527.0,36.199,117.52,31038.0,431.0,181.41
1528.0,36.196999999999996,117.52,31038.0,431.0,181.41
1529.0,36.194,117.53,31038.0,431.0,181.41
1530.0,36.192,117.53,31039.0,431.0,181.41
1531.0,36.19,117.53,31039.0,431.0,181.41
1532.0,36.188,117.53,31038.0,431.0,181.41
1533.0,36.186,117.53,31038.0,431.0,181.41
1534.0,36.184,117.53,31039.0,431.0,181.41
1535.0,36.181,117.53,31039.0,431.0,181.05
1536.0,36.179,117.53,31038.0,431.0,181.05
1537.0,36.177,117.53,31039.0,431.0,181.05
1538.0,36.175,117.53,31039.0,431.0,181.05
1539.0,36.173,117.53,31039.0,431.0,181.05
1540.0,36.17,117.53,31039.0,431.0,181.05
1541.0,36.168,117.53,31038.0,430.0,181.05
1542.0,36.166,117.53,31039.0,431.0,181.05
1543.0,36.164,117.53,31038.0,431.0,181.05
1544.0,36.162,117.53,31037.0,430.0,181.05
1545.0,36.159,117.53,31037.0,431.0,181.05
1546.0,36.157,117.53,31038.0,431.0,181.05
1547.0,36.155,117.53,31038.0,431.0,181.41
1548.0,36.153,117.53,31036.0,431.0,181.05
1549.0,36.150999999999996,117.53,31036.0,431.0,181.05
1550.0,36.149,117.53,31036.0,431.0,181.05
1551.0,36.146,117.53,31038.0,431.0,181.05
1552.0,36.144,117.53,31037.0,430.0,181.05
1553.0,36.141999999999996,117.54,31037.0,430.0,181.05
1554.0,36.14,117.54,31037.0,430.0,181.05
1555.0,36.138000000000005,117.54,31037.0,430.0,181.05
1556.0,36.135999999999996,117.54,31037.0,430.0,181.05
1557.0,36.133,117.54,31037.0,431.0,181.05
1558.0,36.131,117.54,31037.0,431.0,181.05
1559.0,36.129,117.54,31038.0,430.0,181.05
1560.0,36.126999999999995,117.54,31037.0,430.0,181.05
1561.0,36.125,117.54,31036.0,430.0,181.05
1562.0,36.122,117.54,31037.0,430.0,181.05
1563.0,36.12,117.54,31037.0,430.0,181.05
1564.0,36.118,117.54,31036.0,430.0,181.05
1565.0,36.116,117.54,31035.0,430.0,181.05
1566.0,36.114000000000004,117.54,31036.0,430.0,181.05
1567.0,36.111,117.54,31036.0,430.0,181.05
1568.0,36.109,117.54,31036.0,430.0,181.05
1569.0,36.107,117.54,31035.0,430.0,181.05
1570.0,36.105,117.54,31036.0,430.0,181.05
1571.0,36.103,117.54,31036.0,430.0,181.05
1572.0,36.101,117.54,31035.0,430.0,181.05
1573.0,36.098,117.54,31036.0,430.0,181.05
1574.0,36.096,117.54,31035.0,430.0,181.05
1575.0,36.094,117.54,31035.0,430.0,181.05
1576.0,36.092,117.54,31035.0,430.0,181.05
1577.0,36.09,117.55,31036.0,430.0,181.05
1578.0,36.086999999999996,117.55,31035.0,430.0,181.05
1579.0,36.085,117.55,31035.0,430.0,181.05
1580.0,36.083,117.55,31035.0,430.0,181.05
1581.0,36.080999999999996,117.55,31034.0,430.0,181.05
1582.0,36.079,117.55,31035.0,430.0,181.05
1583.0,36.076,117.55,31034.0,430.0,181.05
1584.0,36.074,117.55,31035.0,430.0,181.05
1585.0,36.071999999999996,117.55,31034.0,430.0,181.05
1586.0,36.07,117.55,31033.0,430.0,181.05
1587.0,36.068000000000005,117.55,31035.0,430.0,181.05
1588.0,36.066,117.55,31034.0,430.0,181.05
1589.0,36.063,117.55,31034.0,430.0,181.05
1590.0,36.061,117.55,31034.0,430.0,181.05
1591.0,36.059,117.55,31034.0,430.0,181.05
1592.0,36.056999999999995,117.55,31034.0,430.0,181.05
1593.0,36.055,117.55,31034.0,430.0,181.05
1594.0,36.052,117.55,31033.0,430.0,181.05
1595.0,36.05,117.55,31034.0,431.0,181.05
1596.0,36.048,117.55,31034.0,430.0,181.05
1597.0,36.046,117.55,31034.0,430.0,181.05
1598.0,36.044000000000004,117.55,31033.0,430.0,181.05
1599.0,36.041,117.55,31033.0,430.0,181.05
1600.0,36.039,117.56,31033.0,430.0,181.05
1601.0,36.037,117.56,31033.0,430.0,181.05
1602.0,36.035,117.56,31034.0,430.0,181.05
1603.0,36.033,117.56,31033.0,430.0,181.05
1604.0,36.031,117.56,31033.0,430.0,181.05
1605.0,36.028,117.56,31034.0,430.0,181.05
1606.0,36.025999999999996,117.56,31034.0,430.0,181.05
1607.0,36.024,117.56,31034.0,430.0,181.05
1608.0,36.022,117.56,31034.0,430.0,181.05
1609.0,36.02,117.56,31033.0,430.0,181.05
1610.0,36.016999999999996,117.56,31033.0,430.0,181.05
1611.0,36.015,117.56,31034.0,430.0,181.05
1612.0,36.013000000000005,117.56,31035.0,430.0,181.05
1613.0,36.010999999999996,117.56,31036.0,430.0,181.05
1614.0,36.009,117.56,31036.0,430.0,181.05
1615.0,36.006,117.56,31034.0,430.0,181.05
1616.0,36.004,117.56,31036.0,430.0,181.05
1617.0,36.001999999999995,117.56,31036.0,430.0,181.05
1618.0,36.0,117.56,31035.0,430.0,181.05
1619.0,35.998000000000005,117.56,31036.0,430.0,181.05
1620.0,35.995,117.56,31036.0,430.0,181.05
1621.0,35.993,117.56,31036.0,430.0,181.05
1622.0,35.991,117.56,31036.0,430.0,181.05
1623.0,35.989000000000004,117.56,31037.0,430.0,181.05
1624.0,35.986999999999995,117.57,31038.0,430.0,181.05
1625.0,35.985,117.57,31037.0,430.0,181.05
1626.0,35.983000000000004,117.57,31037.0,430.0,181.05
1627.0,35.98,117.57,31038.0,430.0,181.05
1628.0,35.978,117.57,31038.0,430.0,181.05
1629.0,35.976,117.57,31038.0,430.0,181.05
1630.0,35.974000000000004,117.57,31039.0,430.0,181.05
1631.0,35.971,117.57,31039.0,430.0,181.05
1632.0,35.969,117.57,31039.0,430.0,181.05
1633.0,35.967,117.57,31038.0,430.0,181.05
1634.0,35.965,117.57,31038.0,430.0,181.05
1635.0,35.963,117.57,31039.0,430.0,181.05
1636.0,35.96,117.57,31039.0,430.0,181.05
1637.0,35.958,117.57,31038.0,430.0,181.05
1638.0,35.955999999999996,117.57,31039.0,430.0,181.05
1639.0,35.954,117.57,31039.0,430.0,181.05
1640.0,35.952,117.57,31039.0,430.0,181.05
1641.0,35.95,117.57,31039.0,430.0,181.05
1642.0,35.948,117.57,31040.0,430.0,181.05
1643.0,35.945,117.57,31039.0,430.0,181.05
1644.0,35.943000000000005,117.57,31040.0,430.0,181.05
1645.0,35.941,117.57,31039.0,430.0,181.05
1646.0,35.939,117.57,31039.0,430.0,181.05
1647.0,35.937,117.58,31040.0,430.0,181.05
1648.0,35.934,117.58,31039.0,430.0,181.05
1649.0,35.931999999999995,117.58,31039.0,430.0,180.7
1650.0,35.93,117.58,31040.0,431.0,180.7
1651.0,35.928000000000004,117.58,31039.0,431.0,180.7
1652.0,35.926,117.58,31039.0,431.0,180.7
1653.0,35.923,117.58,31038.0,431.0,180.7
1654.0,35.921,117.58,31038.0,431.0,180.7
1655.0,35.919000000000004,117.58,31039.0,431.0,180.7
1656.0,35.917,117.58,31038.0,431.0,180.7
1657.0,35.915,117.58,31037.0,432.0,180.7
1658.0,35.912,117.58,31039.0,432.0,180.7
1659.0,35.91,117.58,31038.0,432.0,180.7
1660.0,35.908,117.58,31037.0,432.0,180.7
1661.0,35.906,117.58,31039.0,432.0,180.7
1662.0,35.904,117.58,31039.0,432.0,180.7
1663.0,35.902,117.58,31038.0,432.0,180.7
1664.0,35.899,117.58,31039.0,432.0,180.7
1665.0,35.897,117.58,31038.0,432.0,180.7
1666.0,35.895,117.58,31039.0,432.0,180.7
1667.0,35.893,117.58,31037.0,432.0,180.7
1668.0,35.891,117.58,31038.0,433.0,180.7
1669.0,35.888000000000005,117.58,31039.0,433.0,180.7
1670.0,35.885999999999996,117.58,31039.0,433.0,180.7
1671.0,35.884,117.59,31038.0,433.0,180.7
1672.0,35.882,117.59,31038.0,433.0,180.7
1673.0,35.88,117.59,31038.0,433.0,180.7
1674.0,35.876999999999995,117.59,31038.0,433.0,180.7
1675.0,35.875,117.59,31039.0,433.0,180.7
1676.0,35.873000000000005,117.59,31038.0,433.0,180.7
1677.0,35.871,117.59,31038.0,433.0,180.7
1678.0,35.869,117.59,31039.0,433.0,180.7
1679.0,35.867,117.59,31039.0,433.0,180.7
1680.0,35.864000000000004,117.59,31040.0,433.0,180.7
1681.0,35.861999999999995,117.59,31039.0,433.0,180.7
1682.0,35.86,117.59,31038.0,433.0,180.7
1683.0,35.858000000000004,117.59,31039.0,433.0,180.7
1684.0,35.856,117.59,31038.0,433.0,180.7
1685.0,35.853,117.59,31039.0,433.0,180.7
1686.0,35.851,117.59,31037.0,433.0,180.7
1687.0,35.849000000000004,117.59,31038.0,433.0,180.7
1688.0,35.847,117.59,31037.0,433.0,180.7
1689.0,35.845,117.59,31038.0,433.0,180.7
1690.0,35.842,117.59,31037.0,433.0,180.7
1691.0,35.84,117.59,31038.0,433.0,180.7
1692.0,35.838,117.59,31037.0,433.0,180.7
1693.0,35.836,117.59,31036.0,433.0,180.7
1694.0,35.834,117.6,31036.0,433.0,180.7
1695.0,35.832,117.6,31035.0,433.0,180.7
1696.0,35.829,117.6,31035.0,433.0,180.7
1697.0,35.827,117.6,31035.0,433.0,180.7
1698.0,35.825,117.6,31034.0,433.0,180.7
1699.0,35.823,117.6,31034.0,433.0,180.7
1700.0,35.821,117.6,31033.0,433.0,180.7
1701.0,35.818000000000005,117.6,31034.0,433.0,180.7
1702.0,35.816,117.6,31033.0,432.0,180.7
1703.0,35.814,117.6,31033.0,432.0,180.7
1704.0,35.812,117.6,31032.0,432.0,180.7
1705.0,35.81,117.6,31032.0,432.0,180.7
1706.0,35.806999999999995,117.6,31032.0,432.0,180.7
1707.0,35.805,117.6,31033.0,432.0,180.7
1708.0,35.803000000000004,117.6,31033.0,432.0,180.7
1709.0,35.801,117.6,31033.0,432.0,180.7
1710.0,35.799,117.6,31033.0,432.0,180.7
1711.0,35.796,117.6,31033.0,432.0,180.7
1712.0,35.794000000000004,117.6,31033.0,432.0,180.7
1713.0,35.792,117.6,31033.0,432.0,180.7
1714.0,35.79,117.6,31034.0,432.0,180.7
1715.0,35.788000000000004,117.6,31034.0,432.0,180.7
1716.0,35.785,117.6,31034.0,431.0,180.7
1717.0,35.783,117.6,31034.0,431.0,180.7
1718.0,35.781,117.61,31034.0,431.0,180.7
1719.0,35.779,117.61,31033.0,431.0,180.7
1720.0,35.777,117.61,31034.0,431.0,180.7
1721.0,35.775,117.61,31034.0,431.0,180.7
1722.0,35.772,117.61,31034.0,431.0,180.7
1723.0,35.77,117.61,31035.0,431.0,180.7
1724.0,35.768,117.61,31035.0,431.0,180.7
1725.0,35.766,117.61,31034.0,431.0,180.7
1726.0,35.764,117.61,31035.0,431.0,180.7
1727.0,35.760999999999996,117.61,31035.0,431.0,180.7
1728.0,35.759,117.61,31036.0,432.0,180.7
1729.0,35.757,117.61,31035.0,432.0,180.7
1730.0,35.755,117.61,31036.0,432.0,180.7
1731.0,35.753,117.61,31036.0,432.0,180.7
1732.0,35.751,117.61,31036.0,432.0,180.7
1733.0,35.748000000000005,117.61,31036.0,432.0,180.7
1734.0,35.746,117.61,31036.0,432.0,180.7
1735.0,35.744,117.61,31036.0,432.0,180.7
1736.0,35.742,117.61,31035.0,432.0,180.7
1737.0,35.74,117.61,31036.0,432.0,180.7
1738.0,35.736999999999995,117.61,31035.0,432.0,180.7
1739.0,35.735,117.61,31034.0,431.0,180.7
1740.0,35.733000000000004,117.61,31035.0,431.0,180.7
1741.0,35.731,117.61,31036.0,431.0,180.7
1742.0,35.729,117.62,31035.0,431.0,180.7
1743.0,35.726,117.62,31035.0,431.0,180.7
1744.0,35.724000000000004,117.62,31035.0,431.0,180.7
1745.0,35.722,117.62,31036.0,431.0,180.7
1746.0,35.72,117.62,31035.0,430.0,180.7
1747.0,35.718,117.62,31036.0,430.0,180.7
1748.0,35.716,117.62,31036.0,430.0,180.7
1749.0,35.713,117.62,31036.0,430.0,180.7
1750.0,35.711,117.62,31037.0,430.0,180.7
1751.0,35.709,117.62,31037.0,430.0,180.7
1752.0,35.707,117.62,31038.0,430.0,180.7
1753.0,35.705,117.62,31038.0,430.0,180.7
1754.0,35.703,117.62,31038.0,430.0,180.7
1755.0,35.7,117.62,31038.0,430.0,180.7
1756.0,35.698,117.62,31038.0,430.0,180.7
1757.0,35.696,117.62,31039.0,430.0,180.7
1758.0,35.694,117.62,31040.0,430.0,180.7
1759.0,35.692,117.62,31038.0,430.0,180.7
1760.0,35.689,117.62,31039.0,430.0,180.7
1761.0,35.687,117.62,31038.0,430.0,180.7
1762.0,35.685,117.62,31037.0,430.0,180.7
1763.0,35.683,117.62,31038.0,430.0,180.7
1764.0,35.681,117.62,31037.0,430.0,180.7
1765.0,35.678000000000004,117.62,31037.0,430.0,180.7
1766.0,35.676,117.63,31036.0,430.0,180.7
1767.0,35.674,117.63,31035.0,430.0,180.7
1768.0,35.672,117.63,31036.0,430.0,180.7
1769.0,35.67,117.63,31035.0,430.0,180.35
1770.0,35.668,117.63,31035.0,430.0,180.7
1771.0,35.665,117.63,31035.0,430.0,180.7
1772.0,35.663000000000004,117.63,31036.0,430.0,180.7
1773.0,35.661,117.63,31034.0,430.0,180.7
1774.0,35.659,117.63,31034.0,429.0,180.7
1775.0,35.657,117.63,31034.0,429.0,180.7
1776.0,35.654,117.63,31033.0,429.0,180.7
1777.0,35.652,117.63,31032.0,429.0,180.7
1778.0,35.65,117.63,31032.0,429.0,180.7
1779.0,35.648,117.63,31030.0,429.0,180.7
1780.0,35.646,117.63,31030.0,429.0,180.7
1781.0,35.643,117.63,31030.0,429.0,180.7
1782.0,35.641,117.63,31030.0,429.0,180.7
1783.0,35.639,117.63,31031.0,429.0,180.7
1784.0,35.637,117.63,31031.0,429.0,180.7
1785.0,35.635,117.63,31031.0,429.0,180.7
1786.0,35.633,117.63,31032.0,429.0,180.35
1787.0,35.63,117.63,31032.0,429.0,180.35
1788.0,35.628,117.63,31033.0,429.0,180.35
1789.0,35.626,117.64,31033.0,429.0,180.35
1790.0,35.624,117.64,31034.0,429.0,180.35
1791.0,35.622,117.64,31033.0,429.0,180.35
1792.0,35.619,117.64,31033.0,429.0,180.35
1793.0,35.617,117.64,31033.0,429.0,180.35
1794.0,35.615,117.64,31032.0,429.0,180.35
1795.0,35.613,117.64,31033.0,429.0,180.35
1796.0,35.611,117.64,31032.0,429.0,180.35
1797.0,35.608000000000004,117.64,31032.0,429.0,180.35
1798.0,35.606,117.64,31032.0,429.0,180.35
1799.0,35.604,117.64,31032.0,429.0,180.35
1800.0,35.602,117.64,31031.0,429.0,180.35
1801.0,35.6,117.64,31031.0,429.0,180.35
1802.0,35.598,117.64,31031.0,429.0,180.35
1803.0,35.595,117.64,31032.0,429.0,180.35
1804.0,35.593,117.64,31031.0,429.0,180.35
1805.0,35.591,117.64,31031.0,429.0,180.35
1806.0,35.589,117.64,31031.0,429.0,180.35
1807.0,35.586999999999996,117.64,31032.0,429.0,180.35
1808.0,35.584,117.64,31032.0,429.0,180.35
1809.0,35.582,117.64,31032.0,429.0,180.35
1810.0,35.58,117.64,31032.0,429.0,180.35
1811.0,35.578,117.64,31032.0,429.0,180.35
1812.0,35.576,117.64,31032.0,429.0,180.35
1813.0,35.574,117.65,31031.0,429.0,180.35
1814.0,35.571,117.65,31033.0,429.0,180.35
1815.0,35.569,117.65,31032.0,429.0,180.35
1816.0,35.567,117.65,31032.0,429.0,180.35
1817.0,35.565,117.65,31033.0,429.0,180.35
1818.0,35.563,117.65,31032.0,429.0,180.35
1819.0,35.56,117.65,31033.0,429.0,180.35
1820.0,35.558,117.65,31033.0,429.0,180.35
1821.0,35.556,117.65,31033.0,429.0,180.35
1822.0,35.554,117.65,31033.0,429.0,180.35
1823.0,35.552,117.65,31033.0,429.0,180.35
1824.0,35.55,117.65,31034.0,429.0,180.35
1825.0,35.547,117.65,31034.0,429.0,180.35
1826.0,35.545,117.65,31035.0,429.0,180.35
1827.0,35.543,117.65,31036.0,429.0,180.35
1828.0,35.541,117.65,31036.0,429.0,180.35
1829.0,35.539,117.65,31035.0,429.0,180.35
1830.0,35.536,117.65,31035.0,429.0,180.35
1831.0,35.534,117.65,31038.0,429.0,180.35
1832.0,35.532,117.65,31037.0,429.0,180.35
1833.0,35.53,117.65,31037.0,429.0,180.35
1834.0,35.528,117.65,31038.0,429.0,180.35
1835.0,35.525,117.65,31038.0,429.0,180.35
1836.0,35.523,117.65,31039.0,429.0,180.35
1837.0,35.521,117.66,31038.0,429.0,180.35
1838.0,35.519,117.66,31039.0,429.0,180.35
1839.0,35.516999999999996,117.66,31039.0,430.0,180.35
1840.0,35.515,117.66,31039.0,430.0,180.35
1841.0,35.512,117.66,31039.0,430.0,180.35
1842.0,35.51,117.66,31039.0,430.0,180.35
1843.0,35.508,117.66,31040.0,430.0,180.35
1844.0,35.506,117.66,31040.0,429.0,180.35
1845.0,35.504,117.66,31040.0,429.0,180.35
1846.0,35.501999999999995,117.66,31039.0,429.0,180.35
1847.0,35.499,117.66,31038.0,429.0,180.35
1848.0,35.497,117.66,31038.0,429.0,180.35
1849.0,35.495,117.66,31038.0,430.0,180.35
1850.0,35.493,117.66,31037.0,430.0,180.35
1851.0,35.491,117.66,31036.0,429.0,180.35
1852.0,35.488,117.66,31035.0,429.0,180.0
1853.0,35.486,117.66,31035.0,429.0,180.0
1854.0,35.484,117.66,31035.0,429.0,180.0
1855.0,35.482,117.66,31035.0,429.0,180.0
1856.0,35.48,117.66,31034.0,429.0,180.0
1857.0,35.478,117.66,31034.0,429.0,180.0
1858.0,35.475,117.66,31035.0,429.0,180.35
1859.0,35.473,117.66,31034.0,429.0,180.0
1860.0,35.471,117.66,31033.0,429.0,180.35
1861.0,35.469,117.67,31033.0,429.0,180.35
1862.0,35.467,117.67,31034.0,429.0,180.0
1863.0,35.465,117.67,31034.0,429.0,180.0
1864.0,35.461999999999996,117.67,31034.0,430.0,180.0
1865.0,35.46,117.67,31034.0,430.0,180.0
1866.0,35.458,117.67,31034.0,430.0,180.35
1867.0,35.455999999999996,117.67,31034.0,430.0,180.35
1868.0,35.454,117.67,31035.0,430.0,180.35
1869.0,35.452,117.67,31034.0,430.0,180.35
1870.0,35.449,117.67,31035.0,430.0,180.35
1871.0,35.446999999999996,117.67,31034.0,431.0,180.35
1872.0,35.445,117.67,31036.0,431.0,180.35
1873.0,35.443000000000005,117.67,31036.0,431.0,180.35
1874.0,35.441,117.67,31036.0,431.0,180.35
1875.0,35.438,117.67,31036.0,430.0,180.35
1876.0,35.436,117.67,31037.0,430.0,180.35
1877.0,35.434,117.67,31037.0,430.0,180.35
1878.0,35.431999999999995,117.67,31036.0,430.0,180.35
1879.0,35.43,117.67,31036.0,430.0,180.35
1880.0,35.427,117.67,31035.0,430.0,180.7
1881.0,35.425,117.67,31036.0,430.0,180.7
1882.0,35.423,117.67,31036.0,430.0,180.7
1883.0,35.421,117.67,31036.0,431.0,180.7
1884.0,35.419000000000004,117.67,31036.0,431.0,180.7
1885.0,35.417,117.68,31036.0,431.0,180.7
1886.0,35.415,117.68,31038.0,431.0,180.7
1887.0,35.412,117.68,31038.0,431.0,180.7
1888.0,35.41,117.68,31040.0,431.0,180.7
1889.0,35.408,117.68,31040.0,431.0,180.7
1890.0,35.406,117.68,31041.0,431.0,180.7
1891.0,35.404,117.68,31041.0,431.0,180.7
1892.0,35.400999999999996,117.68,31043.0,432.0,180.7
1893.0,35.399,117.68,31043.0,432.0,180.7
1894.0,35.397,117.68,31043.0,432.0,180.7
1895.0,35.395,117.68,31045.0,432.0,180.7
1896.0,35.393,117.68,31046.0,432.0,180.7
1897.0,35.391,117.68,31046.0,432.0,180.7
1898.0,35.388000000000005,117.68,31044.0,432.0,180.7
1899.0,35.385999999999996,117.68,31045.0,433.0,180.7
1900.0,35.384,117.68,31043.0,432.0,180.7
1901.0,35.382,117.68,31044.0,432.0,180.7
1902.0,35.38,117.68,31044.0,432.0,180.7
1903.0,35.376999999999995,117.68,31043.0,432.0,180.7
1904.0,35.375,117.68,31044.0,432.0,180.7
1905.0,35.373000000000005,117.68,31041.0,432.0,180.7
1906.0,35.371,117.68,31042.0,433.0,180.7
1907.0,35.369,117.68,31041.0,432.0,180.7
1908.0,35.367,117.68,31040.0,432.0,180.7
1909.0,35.364000000000004,117.69,31041.0,432.0,180.7
1910.0,35.361999999999995,117.69,31040.0,432.0,180.7
1911.0,35.36,117.69,31040.0,432.0,180.7
1912.0,35.358000000000004,117.69,31040.0,432.0,180.7
1913.0,35.356,117.69,31040.0,432.0,180.7
1914.0,35.354,117.69,31040.0,432.0,180.7
1915.0,35.351,117.69,31040.0,432.0,180.7
1916.0,35.349000000000004,117.69,31039.0,432.0,180.35
1917.0,35.347,117.69,31039.0,432.0,180.35
1918.0,35.345,117.69,31038.0,432.0,180.7
1919.0,35.343,117.69,31038.0,432.0,180.7
1920.0,35.341,117.69,31038.0,432.0,180.7
1921.0,35.338,117.69,31038.0,432.0,180.7
1922.0,35.336,117.69,31038.0,432.0,180.7
1923.0,35.334,117.69,31037.0,432.0,180.7
1924.0,35.332,117.69,31037.0,432.0,180.7
1925.0,35.33,117.69,31036.0,432.0,180.7
1926.0,35.328,117.69,31037.0,432.0,180.7
1927.0,35.325,117.69,31036.0,432.0,180.7
1928.0,35.323,117.69,31037.0,432.0,180.7
1929.0,35.321,117.69,31037.0,432.0,180.7
1930.0,35.319,117.69,31037.0,432.0,180.7
1931.0,35.317,117.69,31036.0,432.0,180.35
1932.0,35.315,117.69,31035.0,432.0,180.35
1933.0,35.312,117.7,31036.0,432.0,180.35
1934.0,35.31,117.7,31036.0,432.0,180.35
1935.0,35.308,117.7,31035.0,432.0,180.35
1936.0,35.306,117.7,31035.0,432.0,180.35
1937.0,35.304,117.7,31036.0,432.0,180.35
1938.0,35.301,117.7,31034.0,432.0,180.35
1939.0,35.299,117.7,31035.0,432.0,180.35
1940.0,35.297,117.7,31036.0,432.0,180.35
1941.0,35.295,117.7,31036.0,432.0,180.35
1942.0,35.293,117.7,31036.0,432.0,180.35
1943.0,35.291,117.7,31034.0,432.0,180.35
1944.0,35.288000000000004,117.7,31036.0,432.0,180.35
1945.0,35.286,117.7,31034.0,432.0,180.35
1946.0,35.284,117.7,31035.0,432.0,180.35
1947.0,35.282,117.7,31035.0,432.0,180.35
1948.0,35.28,117.7,31034.0,432.0,180.35
1949.0,35.278,117.7,31035.0,432.0,180.35
1950.0,35.275,117.7,31034.0,432.0,180.35
1951.0,35.273,117.7,31034.0,432.0,180.35
1952.0,35.271,117.7,31034.0,432.0,180.35
1953.0,35.269,117.7,31034.0,432.0,180.35
1954.0,35.266999999999996,117.7,31034.0,432.0,180.35
1955.0,35.265,117.7,31035.0,432.0,180.35
1956.0,35.262,117.7,31035.0,432.0,180.35
1957.0,35.26,117.71,31035.0,432.0,180.35
1958.0,35.258,117.71,31036.0,432.0,180.35
1959.0,35.256,117.71,31036.0,432.0,180.35
1960.0,35.254,117.71,31037.0,432.0,180.35
1961.0,35.251,117.71,31037.0,433.0,180.35
1962.0,35.249,117.71,31037.0,433.0,180.35
1963.0,35.247,117.71,31038.0,432.0,180.35
1964.0,35.245,117.71,31038.0,432.0,180.35
1965.0,35.243,117.71,31039.0,432.0,180.7
1966.0,35.241,117.71,31039.0,432.0,180.7
1967.0,35.238,117.71,31039.0,433.0,180.7
1968.0,35.236,117.71,31039.0,433.0,180.7
1969.0,35.234,117.71,31040.0,433.0,180.7
1970.0,35.232,117.71,31040.0,433.0,180.7
1971.0,35.23,117.71,31041.0,433.0,180.7
1972.0,35.228,117.71,31040.0,433.0,180.7
1973.0,35.225,117.71,31039.0,433.0,180.7
1974.0,35.223,117.71,31040.0,433.0,180.7
1975.0,35.221,117.71,31039.0,433.0,180.7
1976.0,35.219,117.71,31040.0,433.0,180.35
1977.0,35.217,117.71,31040.0,433.0,180.35
1978.0,35.215,117.71,31040.0,433.0,180.35
1979.0,35.211999999999996,117.71,31041.0,433.0,180.35
1980.0,35.21,117.71,31040.0,433.0,180.35
1981.0,35.208,117.72,31039.0,433.0,180.35
1982.0,35.205999999999996,117.72,31039.0,433.0,180.35
1983.0,35.204,117.72,31039.0,433.0,180.35
1984.0,35.201,117.72,31039.0,433.0,180.35
1985.0,35.199,117.72,31038.0,432.0,180.35
1986.0,35.196999999999996,117.72,31038.0,433.0,180.35
1987.0,35.195,117.72,31037.0,433.0,180.35
1988.0,35.193000000000005,117.72,31037.0,432.0,180.35
1989.0,35.191,117.72,31036.0,432.0,180.35
1990.0,35.188,117.72,31036.0,432.0,180.35
1991.0,35.186,117.72,31036.0,432.0,180.35
1992.0,35.184,117.72,31036.0,432.0,180.35
1993.0,35.181999999999995,117.72,31036.0,432.0,180.35
1994.0,35.18,117.72,31036.0,432.0,180.35
1995.0,35.177,117.72,31036.0,432.0,180.35
1996.0,35.175,117.72,31035.0,432.0,180.35
1997.0,35.173,117.72,31036.0,432.0,180.35
1998.0,35.171,117.72,31035.0,433.0,180.35
1999.0,35.169000000000004,117.72,31036.0,433.0,180.35
2000.0,35.167,117.72,31035.0,433.0,180.35
